,1001,1003,1005,1007,1009,1011,1013,1015,1017,1019,1021,1023,1025,1027,1029,1031,1033,1035,1037,1039,1041,1043,1045,1047,1049,1051,1053,1055,1057,1059,1061,1063,1065,1067,1069,1071,1073,1075,1077,1079,1081,1083,1085,1087,1089,1091,1093,1095,1097,1099,1101,1103,1105,1107,1109,1111,1113,1115,1117,1119,1121,1123,1125,1127,1129,1131,1133,1135,1137,1139,1141,1143,1145,1147,1149,1151,1153,1155,1157,1159,1161,1163,1165,1167,1169,1171,1173,1175,1177,1179,1181,1183,1185,1187,1189,1191,1193,1195,1197,1199,1201,1203,1205,1207,1209,1211,1213,1215,1217,1219,1221,1223,1225,1227,1229,1231,1233,1235,1237,1239,1241,1243,1245,1247,1249,1251,1253,1255,1257,1259,1261,1263,1265,1267,1269,1271,1273,1275,1277,1279,1281,1283,1285,1287,1289,1291,1293,1295
설화명곡,,05:25:30,05:39:00,05:51:00,06:02:00,06:12:00,06:22:00,06:31:00,06:40:00,06:49:00,06:58:00,07:07:00,07:16:00,07:25:00,07:34:00,07:43:00,07:52:00,08:01:00,08:10:00,08:19:00,08:28:00,08:37:00,08:46:00,08:55:00,09:04:00,09:13:00,09:22:00,09:31:00,09:40:00,09:49:00,09:58:00,10:07:00,10:16:00,10:25:00,10:34:00,10:43:00,10:52:00,11:01:00,11:10:00,11:19:00,11:27:00,11:35:00,11:43:00,11:51:00,11:59:00,12:07:00,12:15:00,12:23:00,12:31:00,12:39:00,12:47:00,12:55:00,13:03:00,13:11:00,13:19:00,13:27:00,13:35:00,13:43:00,13:51:00,13:59:00,14:07:00,14:15:00,14:23:00,14:31:00,14:39:00,14:47:00,14:55:00,15:03:00,15:11:00,15:19:00,15:27:00,15:35:00,15:43:00,15:51:00,15:59:00,16:07:00,16:15:00,16:23:00,16:31:00,16:39:00,16:47:00,16:55:00,17:03:00,17:11:00,17:19:00,17:27:00,17:36:00,17:45:00,17:54:00,18:03:00,18:12:00,18:21:00,18:30:00,18:39:00,18:48:00,18:57:00,19:06:00,19:15:00,19:24:00,19:33:00,19:42:00,19:51:00,20:00:00,20:09:00,20:18:00,20:27:00,20:36:00,20:45:00,20:54:00,21:03:00,21:12:00,21:21:00,21:30:00,21:39:00,21:48:00,21:57:00,22:06:00,22:15:00,22:24:00,22:34:00,22:44:00,22:54:00,23:05:00,23:16:10,,,,,,,,,,,,,,,,,,,,,,,,
화원,,05:27:20,05:40:50,05:52:50,06:03:50,06:13:50,06:23:50,06:32:50,06:41:50,06:50:50,06:59:50,07:08:50,07:17:50,07:26:50,07:35:50,07:44:50,07:53:50,08:02:50,08:11:50,08:20:50,08:29:50,08:38:50,08:47:50,08:56:50,09:05:50,09:14:50,09:23:50,09:32:50,09:41:50,09:50:50,09:59:50,10:08:50,10:17:50,10:26:50,10:35:50,10:44:50,10:53:50,11:02:50,11:11:50,11:20:50,11:28:50,11:36:50,11:44:50,11:52:50,12:00:50,12:08:50,12:16:50,12:24:50,12:32:50,12:40:50,12:48:50,12:56:50,13:04:50,13:12:50,13:20:50,13:28:50,13:36:50,13:44:50,13:52:50,14:00:50,14:08:50,14:16:50,14:24:50,14:32:50,14:40:50,14:48:50,14:56:50,15:04:50,15:12:50,15:20:50,15:28:50,15:36:50,15:44:50,15:52:50,16:00:50,16:08:50,16:16:50,16:24:50,16:32:50,16:40:50,16:48:50,16:56:50,17:04:50,17:12:50,17:20:50,17:28:50,17:37:50,17:46:50,17:55:50,18:04:50,18:13:50,18:22:50,18:31:50,18:40:50,18:49:50,18:58:50,19:07:50,19:16:50,19:25:50,19:34:50,19:43:50,19:52:50,20:01:50,20:10:50,20:19:50,20:28:50,20:37:50,20:46:50,20:55:50,21:04:50,21:13:50,21:22:50,21:31:50,21:40:50,21:49:50,21:58:50,22:07:50,22:16:50,22:25:50,22:35:50,22:45:50,22:55:50,23:06:50,23:18:00,,,,,,,,,,,,,,,,,,,,,,,,
대곡,,05:29:35,05:43:05,05:55:05,06:06:05,06:16:05,06:26:05,06:35:05,06:44:05,06:53:05,07:02:05,07:11:05,07:20:05,07:29:05,07:38:05,07:47:05,07:56:05,08:05:05,08:14:05,08:23:05,08:32:05,08:41:05,08:50:05,08:59:05,09:08:05,09:17:05,09:26:05,09:35:05,09:44:05,09:53:05,10:02:05,10:11:05,10:20:05,10:29:05,10:38:05,10:47:05,10:56:05,11:05:05,11:14:05,11:23:05,11:31:05,11:39:05,11:47:05,11:55:05,12:03:05,12:11:05,12:19:05,12:27:05,12:35:05,12:43:05,12:51:05,12:59:05,13:07:05,13:15:05,13:23:05,13:31:05,13:39:05,13:47:05,13:55:05,14:03:05,14:11:05,14:19:05,14:27:05,14:35:05,14:43:05,14:51:05,14:59:05,15:07:05,15:15:05,15:23:05,15:31:05,15:39:05,15:47:05,15:55:05,16:03:05,16:11:05,16:19:05,16:27:05,16:35:05,16:43:05,16:51:05,16:59:05,17:07:05,17:15:05,17:23:05,17:31:05,17:40:05,17:49:05,17:58:05,18:07:05,18:16:05,18:25:05,18:34:05,18:43:05,18:52:05,19:01:05,19:10:05,19:19:05,19:28:05,19:37:05,19:46:05,19:55:05,20:04:05,20:13:05,20:22:05,20:31:05,20:40:05,20:49:05,20:58:05,21:07:05,21:16:05,21:25:05,21:34:05,21:43:05,21:52:05,22:01:05,22:10:05,22:19:05,22:28:05,22:38:05,22:48:05,22:58:05,23:09:05,23:20:15,,,,,,,,,,,,,,,,,,,,,,,,
진천,,05:31:40,05:45:10,05:57:10,06:08:10,06:18:10,06:28:10,06:37:10,06:46:10,06:55:10,07:04:10,07:13:10,07:22:10,07:31:10,07:40:10,07:49:10,07:58:10,08:07:10,08:16:10,08:25:10,08:34:10,08:43:10,08:52:10,09:01:10,09:10:10,09:19:10,09:28:10,09:37:10,09:46:10,09:55:10,10:04:10,10:13:10,10:22:10,10:31:10,10:40:10,10:49:10,10:58:10,11:07:10,11:16:10,11:25:10,11:33:10,11:41:10,11:49:10,11:57:10,12:05:10,12:13:10,12:21:10,12:29:10,12:37:10,12:45:10,12:53:10,13:01:10,13:09:10,13:17:10,13:25:10,13:33:10,13:41:10,13:49:10,13:57:10,14:05:10,14:13:10,14:21:10,14:29:10,14:37:10,14:45:10,14:53:10,15:01:10,15:09:10,15:17:10,15:25:10,15:33:10,15:41:10,15:49:10,15:57:10,16:05:10,16:13:10,16:21:10,16:29:10,16:37:10,16:45:10,16:53:10,17:01:10,17:09:10,17:17:10,17:25:10,17:33:10,17:42:10,17:51:10,18:00:10,18:09:10,18:18:10,18:27:10,18:36:10,18:45:10,18:54:10,19:03:10,19:12:10,19:21:10,19:30:10,19:39:10,19:48:10,19:57:10,20:06:10,20:15:10,20:24:10,20:33:10,20:42:10,20:51:10,21:00:10,21:09:10,21:18:10,21:27:10,21:36:10,21:45:10,21:54:10,22:03:10,22:12:10,22:21:10,22:30:10,22:40:10,22:50:10,23:00:10,23:11:10,23:22:20,,,,,,,,,,,,,,,,,,,,,,,,
월배,,05:33:15,05:46:45,05:58:45,06:09:45,06:19:45,06:29:45,06:38:45,06:47:45,06:56:45,07:05:45,07:14:45,07:23:45,07:32:45,07:41:45,07:50:45,07:59:45,08:08:45,08:17:45,08:26:45,08:35:45,08:44:45,08:53:45,09:02:45,09:11:45,09:20:45,09:29:45,09:38:45,09:47:45,09:56:45,10:05:45,10:14:45,10:23:45,10:32:45,10:41:45,10:50:45,10:59:45,11:08:45,11:17:45,11:26:45,11:34:45,11:42:45,11:50:45,11:58:45,12:06:45,12:14:45,12:22:45,12:30:45,12:38:45,12:46:45,12:54:45,13:02:45,13:10:45,13:18:45,13:26:45,13:34:45,13:42:45,13:50:45,13:58:45,14:06:45,14:14:45,14:22:45,14:30:45,14:38:45,14:46:45,14:54:45,15:02:45,15:10:45,15:18:45,15:26:45,15:34:45,15:42:45,15:50:45,15:58:45,16:06:45,16:14:45,16:22:45,16:30:45,16:38:45,16:46:45,16:54:45,17:02:45,17:10:45,17:18:45,17:26:45,17:34:45,17:43:45,17:52:45,18:01:45,18:10:45,18:19:45,18:28:45,18:37:45,18:46:45,18:55:45,19:04:45,19:13:45,19:22:45,19:31:45,19:40:45,19:49:45,19:58:45,20:07:45,20:16:45,20:25:45,20:34:45,20:43:45,20:52:45,21:01:45,21:10:45,21:19:45,21:28:45,21:37:45,21:46:45,21:55:45,22:04:45,22:13:45,22:22:45,22:31:45,22:41:45,22:51:45,23:01:45,23:12:45,23:23:55,,,,,,,,,,,,,,,,,,,,,,,,
상인,,05:34:50,05:48:20,06:00:20,06:11:20,06:21:20,06:31:20,06:40:20,06:49:20,06:58:20,07:07:20,07:16:20,07:25:20,07:34:20,07:43:20,07:52:20,08:01:20,08:10:20,08:19:20,08:28:20,08:37:20,08:46:20,08:55:20,09:04:20,09:13:20,09:22:20,09:31:20,09:40:20,09:49:20,09:58:20,10:07:20,10:16:20,10:25:20,10:34:20,10:43:20,10:52:20,11:01:20,11:10:20,11:19:20,11:28:20,11:36:20,11:44:20,11:52:20,12:00:20,12:08:20,12:16:20,12:24:20,12:32:20,12:40:20,12:48:20,12:56:20,13:04:20,13:12:20,13:20:20,13:28:20,13:36:20,13:44:20,13:52:20,14:00:20,14:08:20,14:16:20,14:24:20,14:32:20,14:40:20,14:48:20,14:56:20,15:04:20,15:12:20,15:20:20,15:28:20,15:36:20,15:44:20,15:52:20,16:00:20,16:08:20,16:16:20,16:24:20,16:32:20,16:40:20,16:48:20,16:56:20,17:04:20,17:12:20,17:20:20,17:28:20,17:36:20,17:45:20,17:54:20,18:03:20,18:12:20,18:21:20,18:30:20,18:39:20,18:48:20,18:57:20,19:06:20,19:15:20,19:24:20,19:33:20,19:42:20,19:51:20,20:00:20,20:09:20,20:18:20,20:27:20,20:36:20,20:45:20,20:54:20,21:03:20,21:12:20,21:21:20,21:30:20,21:39:20,21:48:20,21:57:20,22:06:20,22:15:20,22:24:20,22:33:20,22:43:20,22:53:20,23:03:20,23:14:20,23:25:30,,,,,,,,,,,,,,,,,,,,,,,,
월촌,,05:36:35,05:50:05,06:02:05,06:13:05,06:23:05,06:33:05,06:42:05,06:51:05,07:00:05,07:09:05,07:18:05,07:27:05,07:36:05,07:45:05,07:54:05,08:03:05,08:12:05,08:21:05,08:30:05,08:39:05,08:48:05,08:57:05,09:06:05,09:15:05,09:24:05,09:33:05,09:42:05,09:51:05,10:00:05,10:09:05,10:18:05,10:27:05,10:36:05,10:45:05,10:54:05,11:03:05,11:12:05,11:21:05,11:30:05,11:38:05,11:46:05,11:54:05,12:02:05,12:10:05,12:18:05,12:26:05,12:34:05,12:42:05,12:50:05,12:58:05,13:06:05,13:14:05,13:22:05,13:30:05,13:38:05,13:46:05,13:54:05,14:02:05,14:10:05,14:18:05,14:26:05,14:34:05,14:42:05,14:50:05,14:58:05,15:06:05,15:14:05,15:22:05,15:30:05,15:38:05,15:46:05,15:54:05,16:02:05,16:10:05,16:18:05,16:26:05,16:34:05,16:42:05,16:50:05,16:58:05,17:06:05,17:14:05,17:22:05,17:30:05,17:38:05,17:47:05,17:56:05,18:05:05,18:14:05,18:23:05,18:32:05,18:41:05,18:50:05,18:59:05,19:08:05,19:17:05,19:26:05,19:35:05,19:44:05,19:53:05,20:02:05,20:11:05,20:20:05,20:29:05,20:38:05,20:47:05,20:56:05,21:05:05,21:14:05,21:23:05,21:32:05,21:41:05,21:50:05,21:59:05,22:08:05,22:17:05,22:26:05,22:35:05,22:45:05,22:55:05,23:05:05,23:16:05,23:27:15,,,,,,,,,,,,,,,,,,,,,,,,
송현,,05:38:20,05:51:50,06:03:50,06:14:50,06:24:50,06:34:50,06:43:50,06:52:50,07:01:50,07:10:50,07:19:50,07:28:50,07:37:50,07:46:50,07:55:50,08:04:50,08:13:50,08:22:50,08:31:50,08:40:50,08:49:50,08:58:50,09:07:50,09:16:50,09:25:50,09:34:50,09:43:50,09:52:50,10:01:50,10:10:50,10:19:50,10:28:50,10:37:50,10:46:50,10:55:50,11:04:50,11:13:50,11:22:50,11:31:50,11:39:50,11:47:50,11:55:50,12:03:50,12:11:50,12:19:50,12:27:50,12:35:50,12:43:50,12:51:50,12:59:50,13:07:50,13:15:50,13:23:50,13:31:50,13:39:50,13:47:50,13:55:50,14:03:50,14:11:50,14:19:50,14:27:50,14:35:50,14:43:50,14:51:50,14:59:50,15:07:50,15:15:50,15:23:50,15:31:50,15:39:50,15:47:50,15:55:50,16:03:50,16:11:50,16:19:50,16:27:50,16:35:50,16:43:50,16:51:50,16:59:50,17:07:50,17:15:50,17:23:50,17:31:50,17:39:50,17:48:50,17:57:50,18:06:50,18:15:50,18:24:50,18:33:50,18:42:50,18:51:50,19:00:50,19:09:50,19:18:50,19:27:50,19:36:50,19:45:50,19:54:50,20:03:50,20:12:50,20:21:50,20:30:50,20:39:50,20:48:50,20:57:50,21:06:50,21:15:50,21:24:50,21:33:50,21:42:50,21:51:50,22:00:50,22:09:50,22:18:50,22:27:50,22:36:50,22:46:50,22:56:50,23:06:50,23:17:50,23:29:00,,,,,,,,,,,,,,,,,,,,,,,,
서부정류장,,05:40:00,05:53:30,06:05:30,06:16:30,06:26:30,06:36:30,06:45:30,06:54:30,07:03:30,07:12:30,07:21:30,07:30:30,07:39:30,07:48:30,07:57:30,08:06:30,08:15:30,08:24:30,08:33:30,08:42:30,08:51:30,09:00:30,09:09:30,09:18:30,09:27:30,09:36:30,09:45:30,09:54:30,10:03:30,10:12:30,10:21:30,10:30:30,10:39:30,10:48:30,10:57:30,11:06:30,11:15:30,11:24:30,11:33:30,11:41:30,11:49:30,11:57:30,12:05:30,12:13:30,12:21:30,12:29:30,12:37:30,12:45:30,12:53:30,13:01:30,13:09:30,13:17:30,13:25:30,13:33:30,13:41:30,13:49:30,13:57:30,14:05:30,14:13:30,14:21:30,14:29:30,14:37:30,14:45:30,14:53:30,15:01:30,15:09:30,15:17:30,15:25:30,15:33:30,15:41:30,15:49:30,15:57:30,16:05:30,16:13:30,16:21:30,16:29:30,16:37:30,16:45:30,16:53:30,17:01:30,17:09:30,17:17:30,17:25:30,17:33:30,17:41:30,17:50:30,17:59:30,18:08:30,18:17:30,18:26:30,18:35:30,18:44:30,18:53:30,19:02:30,19:11:30,19:20:30,19:29:30,19:38:30,19:47:30,19:56:30,20:05:30,20:14:30,20:23:30,20:32:30,20:41:30,20:50:30,20:59:30,21:08:30,21:17:30,21:26:30,21:35:30,21:44:30,21:53:30,22:02:30,22:11:30,22:20:30,22:29:30,22:38:30,22:48:30,22:58:30,23:08:30,23:19:30,23:30:40,,,,,,,,,,,,,,,,,,,,,,,,
대명,,05:41:40,05:55:10,06:07:10,06:18:10,06:28:10,06:38:10,06:47:10,06:56:10,07:05:10,07:14:10,07:23:10,07:32:10,07:41:10,07:50:10,07:59:10,08:08:10,08:17:10,08:26:10,08:35:10,08:44:10,08:53:10,09:02:10,09:11:10,09:20:10,09:29:10,09:38:10,09:47:10,09:56:10,10:05:10,10:14:10,10:23:10,10:32:10,10:41:10,10:50:10,10:59:10,11:08:10,11:17:10,11:26:10,11:35:10,11:43:10,11:51:10,11:59:10,12:07:10,12:15:10,12:23:10,12:31:10,12:39:10,12:47:10,12:55:10,13:03:10,13:11:10,13:19:10,13:27:10,13:35:10,13:43:10,13:51:10,13:59:10,14:07:10,14:15:10,14:23:10,14:31:10,14:39:10,14:47:10,14:55:10,15:03:10,15:11:10,15:19:10,15:27:10,15:35:10,15:43:10,15:51:10,15:59:10,16:07:10,16:15:10,16:23:10,16:31:10,16:39:10,16:47:10,16:55:10,17:03:10,17:11:10,17:19:10,17:27:10,17:35:10,17:43:10,17:52:10,18:01:10,18:10:10,18:19:10,18:28:10,18:37:10,18:46:10,18:55:10,19:04:10,19:13:10,19:22:10,19:31:10,19:40:10,19:49:10,19:58:10,20:07:10,20:16:10,20:25:10,20:34:10,20:43:10,20:52:10,21:01:10,21:10:10,21:19:10,21:28:10,21:37:10,21:46:10,21:55:10,22:04:10,22:13:10,22:22:10,22:31:10,22:40:10,22:50:10,23:00:10,23:10:10,23:21:10,23:32:20,,,,,,,,,,,,,,,,,,,,,,,,
안지랑,,05:43:15,05:56:45,06:08:45,06:19:45,06:29:45,06:39:45,06:48:45,06:57:45,07:06:45,07:15:45,07:24:45,07:33:45,07:42:45,07:51:45,08:00:45,08:09:45,08:18:45,08:27:45,08:36:45,08:45:45,08:54:45,09:03:45,09:12:45,09:21:45,09:30:45,09:39:45,09:48:45,09:57:45,10:06:45,10:15:45,10:24:45,10:33:45,10:42:45,10:51:45,11:00:45,11:09:45,11:18:45,11:27:45,11:36:45,11:44:45,11:52:45,12:00:45,12:08:45,12:16:45,12:24:45,12:32:45,12:40:45,12:48:45,12:56:45,13:04:45,13:12:45,13:20:45,13:28:45,13:36:45,13:44:45,13:52:45,14:00:45,14:08:45,14:16:45,14:24:45,14:32:45,14:40:45,14:48:45,14:56:45,15:04:45,15:12:45,15:20:45,15:28:45,15:36:45,15:44:45,15:52:45,16:00:45,16:08:45,16:16:45,16:24:45,16:32:45,16:40:45,16:48:45,16:56:45,17:04:45,17:12:45,17:20:45,17:28:45,17:36:45,17:44:45,17:53:45,18:02:45,18:11:45,18:20:45,18:29:45,18:38:45,18:47:45,18:56:45,19:05:45,19:14:45,19:23:45,19:32:45,19:41:45,19:50:45,19:59:45,20:08:45,20:17:45,20:26:45,20:35:45,20:44:45,20:53:45,21:02:45,21:11:45,21:20:45,21:29:45,21:38:45,21:47:45,21:56:45,22:05:45,22:14:45,22:23:45,22:32:45,22:41:45,22:51:45,23:01:45,23:11:45,23:22:45,23:33:55,,,,,,,,,,,,,,,,,,,,,,,,
현충로,,05:45:00,05:58:30,06:10:30,06:21:30,06:31:30,06:41:30,06:50:30,06:59:30,07:08:30,07:17:30,07:26:30,07:35:30,07:44:30,07:53:30,08:02:30,08:11:30,08:20:30,08:29:30,08:38:30,08:47:30,08:56:30,09:05:30,09:14:30,09:23:30,09:32:30,09:41:30,09:50:30,09:59:30,10:08:30,10:17:30,10:26:30,10:35:30,10:44:30,10:53:30,11:02:30,11:11:30,11:20:30,11:29:30,11:38:30,11:46:30,11:54:30,12:02:30,12:10:30,12:18:30,12:26:30,12:34:30,12:42:30,12:50:30,12:58:30,13:06:30,13:14:30,13:22:30,13:30:30,13:38:30,13:46:30,13:54:30,14:02:30,14:10:30,14:18:30,14:26:30,14:34:30,14:42:30,14:50:30,14:58:30,15:06:30,15:14:30,15:22:30,15:30:30,15:38:30,15:46:30,15:54:30,16:02:30,16:10:30,16:18:30,16:26:30,16:34:30,16:42:30,16:50:30,16:58:30,17:06:30,17:14:30,17:22:30,17:30:30,17:38:30,17:46:30,17:55:30,18:04:30,18:13:30,18:22:30,18:31:30,18:40:30,18:49:30,18:58:30,19:07:30,19:16:30,19:25:30,19:34:30,19:43:30,19:52:30,20:01:30,20:10:30,20:19:30,20:28:30,20:37:30,20:46:30,20:55:30,21:04:30,21:13:30,21:22:30,21:31:30,21:40:30,21:49:30,21:58:30,22:07:30,22:16:30,22:25:30,22:34:30,22:43:30,22:53:30,23:03:30,23:13:30,23:24:30,23:35:40,,,,,,,,,,,,,,,,,,,,,,,,
영대병원,,05:46:35,06:00:05,06:12:05,06:23:05,06:33:05,06:43:05,06:52:05,07:01:05,07:10:05,07:19:05,07:28:05,07:37:05,07:46:05,07:55:05,08:04:05,08:13:05,08:22:05,08:31:05,08:40:05,08:49:05,08:58:05,09:07:05,09:16:05,09:25:05,09:34:05,09:43:05,09:52:05,10:01:05,10:10:05,10:19:05,10:28:05,10:37:05,10:46:05,10:55:05,11:04:05,11:13:05,11:22:05,11:31:05,11:40:05,11:48:05,11:56:05,12:04:05,12:12:05,12:20:05,12:28:05,12:36:05,12:44:05,12:52:05,13:00:05,13:08:05,13:16:05,13:24:05,13:32:05,13:40:05,13:48:05,13:56:05,14:04:05,14:12:05,14:20:05,14:28:05,14:36:05,14:44:05,14:52:05,15:00:05,15:08:05,15:16:05,15:24:05,15:32:05,15:40:05,15:48:05,15:56:05,16:04:05,16:12:05,16:20:05,16:28:05,16:36:05,16:44:05,16:52:05,17:00:05,17:08:05,17:16:05,17:24:05,17:32:05,17:40:05,17:48:05,17:57:05,18:06:05,18:15:05,18:24:05,18:33:05,18:42:05,18:51:05,19:00:05,19:09:05,19:18:05,19:27:05,19:36:05,19:45:05,19:54:05,20:03:05,20:12:05,20:21:05,20:30:05,20:39:05,20:48:05,20:57:05,21:06:05,21:15:05,21:24:05,21:33:05,21:42:05,21:51:05,22:00:05,22:09:05,22:18:05,22:27:05,22:36:05,22:45:05,22:55:05,23:05:05,23:15:05,23:26:05,23:37:15,,,,,,,,,,,,,,,,,,,,,,,,
교대,05:35:00,05:48:25,06:01:55,06:13:55,06:24:55,06:34:55,06:44:55,06:53:55,07:02:55,07:11:55,07:20:55,07:29:55,07:38:55,07:47:55,07:56:55,08:05:55,08:14:55,08:23:55,08:32:55,08:41:55,08:50:55,08:59:55,09:08:55,09:17:55,09:26:55,09:35:55,09:44:55,09:53:55,10:02:55,10:11:55,10:20:55,10:29:55,10:38:55,10:47:55,10:56:55,11:05:55,11:14:55,11:23:55,11:32:55,11:41:55,11:49:55,11:57:55,12:05:55,12:13:55,12:21:55,12:29:55,12:37:55,12:45:55,12:53:55,13:01:55,13:09:55,13:17:55,13:25:55,13:33:55,13:41:55,13:49:55,13:57:55,14:05:55,14:13:55,14:21:55,14:29:55,14:37:55,14:45:55,14:53:55,15:01:55,15:09:55,15:17:55,15:25:55,15:33:55,15:41:55,15:49:55,15:57:55,16:05:55,16:13:55,16:21:55,16:29:55,16:37:55,16:45:55,16:53:55,17:01:55,17:09:55,17:17:55,17:25:55,17:33:55,17:41:55,17:49:55,17:58:55,18:07:55,18:16:55,18:25:55,18:34:55,18:43:55,18:52:55,19:01:55,19:10:55,19:19:55,19:28:55,19:37:55,19:46:55,19:55:55,20:04:55,20:13:55,20:22:55,20:31:55,20:40:55,20:49:55,20:58:55,21:07:55,21:16:55,21:25:55,21:34:55,21:43:55,21:52:55,22:01:55,22:10:55,22:19:55,22:28:55,22:37:55,22:46:55,22:56:55,23:06:55,23:16:55,23:27:55,23:39:05,,,,,,,,,,,,,,,,,,,,,,,,
명덕,05:36:10,05:50:00,06:03:30,06:15:30,06:26:30,06:36:30,06:46:30,06:55:30,07:04:30,07:13:30,07:22:30,07:31:30,07:40:30,07:49:30,07:58:30,08:07:30,08:16:30,08:25:30,08:34:30,08:43:30,08:52:30,09:01:30,09:10:30,09:19:30,09:28:30,09:37:30,09:46:30,09:55:30,10:04:30,10:13:30,10:22:30,10:31:30,10:40:30,10:49:30,10:58:30,11:07:30,11:16:30,11:25:30,11:34:30,11:43:30,11:51:30,11:59:30,12:07:30,12:15:30,12:23:30,12:31:30,12:39:30,12:47:30,12:55:30,13:03:30,13:11:30,13:19:30,13:27:30,13:35:30,13:43:30,13:51:30,13:59:30,14:07:30,14:15:30,14:23:30,14:31:30,14:39:30,14:47:30,14:55:30,15:03:30,15:11:30,15:19:30,15:27:30,15:35:30,15:43:30,15:51:30,15:59:30,16:07:30,16:15:30,16:23:30,16:31:30,16:39:30,16:47:30,16:55:30,17:03:30,17:11:30,17:19:30,17:27:30,17:35:30,17:43:30,17:51:30,18:00:30,18:09:30,18:18:30,18:27:30,18:36:30,18:45:30,18:54:30,19:03:30,19:12:30,19:21:30,19:30:30,19:39:30,19:48:30,19:57:30,20:06:30,20:15:30,20:24:30,20:33:30,20:42:30,20:51:30,21:00:30,21:09:30,21:18:30,21:27:30,21:36:30,21:45:30,21:54:30,22:03:30,22:12:30,22:21:30,22:30:30,22:39:30,22:48:30,22:58:30,23:08:30,23:18:30,23:29:30,23:40:40,,,,,,,,,,,,,,,,,,,,,,,,
반월당,05:37:45,05:51:35,06:05:05,06:17:05,06:28:05,06:38:05,06:48:05,06:57:05,07:06:05,07:15:05,07:24:05,07:33:05,07:42:05,07:51:05,08:00:05,08:09:05,08:18:05,08:27:05,08:36:05,08:45:05,08:54:05,09:03:05,09:12:05,09:21:05,09:30:05,09:39:05,09:48:05,09:57:05,10:06:05,10:15:05,10:24:05,10:33:05,10:42:05,10:51:05,11:00:05,11:09:05,11:18:05,11:27:05,11:36:05,11:45:05,11:53:05,12:01:05,12:09:05,12:17:05,12:25:05,12:33:05,12:41:05,12:49:05,12:57:05,13:05:05,13:13:05,13:21:05,13:29:05,13:37:05,13:45:05,13:53:05,14:01:05,14:09:05,14:17:05,14:25:05,14:33:05,14:41:05,14:49:05,14:57:05,15:05:05,15:13:05,15:21:05,15:29:05,15:37:05,15:45:05,15:53:05,16:01:05,16:09:05,16:17:05,16:25:05,16:33:05,16:41:05,16:49:05,16:57:05,17:05:05,17:13:05,17:21:05,17:29:05,17:37:05,17:45:05,17:53:05,18:02:05,18:11:05,18:20:05,18:29:05,18:38:05,18:47:05,18:56:05,19:05:05,19:14:05,19:23:05,19:32:05,19:41:05,19:50:05,19:59:05,20:08:05,20:17:05,20:26:05,20:35:05,20:44:05,20:53:05,21:02:05,21:11:05,21:20:05,21:29:05,21:38:05,21:47:05,21:56:05,22:05:05,22:14:05,22:23:05,22:32:05,22:41:05,22:50:05,23:00:05,23:10:05,23:20:05,23:31:05,23:42:15,,,,,,,,,,,,,,,,,,,,,,,,
중앙로,05:39:20,05:53:10,06:06:40,06:18:40,06:29:40,06:39:40,06:49:40,06:58:40,07:07:40,07:16:40,07:25:40,07:34:40,07:43:40,07:52:40,08:01:40,08:10:40,08:19:40,08:28:40,08:37:40,08:46:40,08:55:40,09:04:40,09:13:40,09:22:40,09:31:40,09:40:40,09:49:40,09:58:40,10:07:40,10:16:40,10:25:40,10:34:40,10:43:40,10:52:40,11:01:40,11:10:40,11:19:40,11:28:40,11:37:40,11:46:40,11:54:40,12:02:40,12:10:40,12:18:40,12:26:40,12:34:40,12:42:40,12:50:40,12:58:40,13:06:40,13:14:40,13:22:40,13:30:40,13:38:40,13:46:40,13:54:40,14:02:40,14:10:40,14:18:40,14:26:40,14:34:40,14:42:40,14:50:40,14:58:40,15:06:40,15:14:40,15:22:40,15:30:40,15:38:40,15:46:40,15:54:40,16:02:40,16:10:40,16:18:40,16:26:40,16:34:40,16:42:40,16:50:40,16:58:40,17:06:40,17:14:40,17:22:40,17:30:40,17:38:40,17:46:40,17:54:40,18:03:40,18:12:40,18:21:40,18:30:40,18:39:40,18:48:40,18:57:40,19:06:40,19:15:40,19:24:40,19:33:40,19:42:40,19:51:40,20:00:40,20:09:40,20:18:40,20:27:40,20:36:40,20:45:40,20:54:40,21:03:40,21:12:40,21:21:40,21:30:40,21:39:40,21:48:40,21:57:40,22:06:40,22:15:40,22:24:40,22:33:40,22:42:40,22:51:40,23:01:40,23:11:40,23:21:40,23:32:40,23:43:50,,,,,,,,,,,,,,,,,,,,,,,,
대구,05:41:05,05:54:55,06:08:25,06:20:25,06:31:25,06:41:25,06:51:25,07:00:25,07:09:25,07:18:25,07:27:25,07:36:25,07:45:25,07:54:25,08:03:25,08:12:25,08:21:25,08:30:25,08:39:25,08:48:25,08:57:25,09:06:25,09:15:25,09:24:25,09:33:25,09:42:25,09:51:25,10:00:25,10:09:25,10:18:25,10:27:25,10:36:25,10:45:25,10:54:25,11:03:25,11:12:25,11:21:25,11:30:25,11:39:25,11:48:25,11:56:25,12:04:25,12:12:25,12:20:25,12:28:25,12:36:25,12:44:25,12:52:25,13:00:25,13:08:25,13:16:25,13:24:25,13:32:25,13:40:25,13:48:25,13:56:25,14:04:25,14:12:25,14:20:25,14:28:25,14:36:25,14:44:25,14:52:25,15:00:25,15:08:25,15:16:25,15:24:25,15:32:25,15:40:25,15:48:25,15:56:25,16:04:25,16:12:25,16:20:25,16:28:25,16:36:25,16:44:25,16:52:25,17:00:25,17:08:25,17:16:25,17:24:25,17:32:25,17:40:25,17:48:25,17:56:25,18:05:25,18:14:25,18:23:25,18:32:25,18:41:25,18:50:25,18:59:25,19:08:25,19:17:25,19:26:25,19:35:25,19:44:25,19:53:25,20:02:25,20:11:25,20:20:25,20:29:25,20:38:25,20:47:25,20:56:25,21:05:25,21:14:25,21:23:25,21:32:25,21:41:25,21:50:25,21:59:25,22:08:25,22:17:25,22:26:25,22:35:25,22:44:25,22:53:25,23:03:25,23:13:25,23:23:25,23:34:25,23:45:35,,,,,,,,,,,,,,,,,,,,,,,,
칠성시장,05:42:45,05:56:35,06:10:05,06:22:05,06:33:05,06:43:05,06:53:05,07:02:05,07:11:05,07:20:05,07:29:05,07:38:05,07:47:05,07:56:05,08:05:05,08:14:05,08:23:05,08:32:05,08:41:05,08:50:05,08:59:05,09:08:05,09:17:05,09:26:05,09:35:05,09:44:05,09:53:05,10:02:05,10:11:05,10:20:05,10:29:05,10:38:05,10:47:05,10:56:05,11:05:05,11:14:05,11:23:05,11:32:05,11:41:05,11:50:05,11:58:05,12:06:05,12:14:05,12:22:05,12:30:05,12:38:05,12:46:05,12:54:05,13:02:05,13:10:05,13:18:05,13:26:05,13:34:05,13:42:05,13:50:05,13:58:05,14:06:05,14:14:05,14:22:05,14:30:05,14:38:05,14:46:05,14:54:05,15:02:05,15:10:05,15:18:05,15:26:05,15:34:05,15:42:05,15:50:05,15:58:05,16:06:05,16:14:05,16:22:05,16:30:05,16:38:05,16:46:05,16:54:05,17:02:05,17:10:05,17:18:05,17:26:05,17:34:05,17:42:05,17:50:05,17:58:05,18:07:05,18:16:05,18:25:05,18:34:05,18:43:05,18:52:05,19:01:05,19:10:05,19:19:05,19:28:05,19:37:05,19:46:05,19:55:05,20:04:05,20:13:05,20:22:05,20:31:05,20:40:05,20:49:05,20:58:05,21:07:05,21:16:05,21:25:05,21:34:05,21:43:05,21:52:05,22:01:05,22:10:05,22:19:05,22:28:05,22:37:05,22:46:05,22:55:05,23:05:05,23:15:05,23:25:05,23:36:05,23:47:15,,,,,,,,,,,,,,,,,,,,,,,,
신천,05:44:45,05:58:35,06:12:05,06:24:05,06:35:05,06:45:05,06:55:05,07:04:05,07:13:05,07:22:05,07:31:05,07:40:05,07:49:05,07:58:05,08:07:05,08:16:05,08:25:05,08:34:05,08:43:05,08:52:05,09:01:05,09:10:05,09:19:05,09:28:05,09:37:05,09:46:05,09:55:05,10:04:05,10:13:05,10:22:05,10:31:05,10:40:05,10:49:05,10:58:05,11:07:05,11:16:05,11:25:05,11:34:05,11:43:05,11:52:05,12:00:05,12:08:05,12:16:05,12:24:05,12:32:05,12:40:05,12:48:05,12:56:05,13:04:05,13:12:05,13:20:05,13:28:05,13:36:05,13:44:05,13:52:05,14:00:05,14:08:05,14:16:05,14:24:05,14:32:05,14:40:05,14:48:05,14:56:05,15:04:05,15:12:05,15:20:05,15:28:05,15:36:05,15:44:05,15:52:05,16:00:05,16:08:05,16:16:05,16:24:05,16:32:05,16:40:05,16:48:05,16:56:05,17:04:05,17:12:05,17:20:05,17:28:05,17:36:05,17:44:05,17:52:05,18:00:05,18:09:05,18:18:05,18:27:05,18:36:05,18:45:05,18:54:05,19:03:05,19:12:05,19:21:05,19:30:05,19:39:05,19:48:05,19:57:05,20:06:05,20:15:05,20:24:05,20:33:05,20:42:05,20:51:05,21:00:05,21:09:05,21:18:05,21:27:05,21:36:05,21:45:05,21:54:05,22:03:05,22:12:05,22:21:05,22:30:05,22:39:05,22:48:05,22:57:05,23:07:05,23:17:05,23:27:05,23:38:05,23:49:15,,,,,,,,,,,,,,,,,,,,,,,,
동대구역,05:46:30,06:00:20,06:13:50,06:25:50,06:36:50,06:46:50,06:56:50,07:05:50,07:14:50,07:23:50,07:32:50,07:41:50,07:50:50,07:59:50,08:08:50,08:17:50,08:26:50,08:35:50,08:44:50,08:53:50,09:02:50,09:11:50,09:20:50,09:29:50,09:38:50,09:47:50,09:56:50,10:05:50,10:14:50,10:23:50,10:32:50,10:41:50,10:50:50,10:59:50,11:08:50,11:17:50,11:26:50,11:35:50,11:44:50,11:53:50,12:01:50,12:09:50,12:17:50,12:25:50,12:33:50,12:41:50,12:49:50,12:57:50,13:05:50,13:13:50,13:21:50,13:29:50,13:37:50,13:45:50,13:53:50,14:01:50,14:09:50,14:17:50,14:25:50,14:33:50,14:41:50,14:49:50,14:57:50,15:05:50,15:13:50,15:21:50,15:29:50,15:37:50,15:45:50,15:53:50,16:01:50,16:09:50,16:17:50,16:25:50,16:33:50,16:41:50,16:49:50,16:57:50,17:05:50,17:13:50,17:21:50,17:29:50,17:37:50,17:45:50,17:53:50,18:01:50,18:10:50,18:19:50,18:28:50,18:37:50,18:46:50,18:55:50,19:04:50,19:13:50,19:22:50,19:31:50,19:40:50,19:49:50,19:58:50,20:07:50,20:16:50,20:25:50,20:34:50,20:43:50,20:52:50,21:01:50,21:10:50,21:19:50,21:28:50,21:37:50,21:46:50,21:55:50,22:04:50,22:13:50,22:22:50,22:31:50,22:40:50,22:49:50,22:58:50,23:08:50,23:18:50,23:28:50,23:39:50,23:51:00,,,,,,,,,,,,,,,,,,,,,,,,
동구청,05:48:05,06:01:55,06:15:25,06:27:25,06:38:25,06:48:25,06:58:25,07:07:25,07:16:25,07:25:25,07:34:25,07:43:25,07:52:25,08:01:25,08:10:25,08:19:25,08:28:25,08:37:25,08:46:25,08:55:25,09:04:25,09:13:25,09:22:25,09:31:25,09:40:25,09:49:25,09:58:25,10:07:25,10:16:25,10:25:25,10:34:25,10:43:25,10:52:25,11:01:25,11:10:25,11:19:25,11:28:25,11:37:25,11:46:25,11:55:25,12:03:25,12:11:25,12:19:25,12:27:25,12:35:25,12:43:25,12:51:25,12:59:25,13:07:25,13:15:25,13:23:25,13:31:25,13:39:25,13:47:25,13:55:25,14:03:25,14:11:25,14:19:25,14:27:25,14:35:25,14:43:25,14:51:25,14:59:25,15:07:25,15:15:25,15:23:25,15:31:25,15:39:25,15:47:25,15:55:25,16:03:25,16:11:25,16:19:25,16:27:25,16:35:25,16:43:25,16:51:25,16:59:25,17:07:25,17:15:25,17:23:25,17:31:25,17:39:25,17:47:25,17:55:25,18:03:25,18:12:25,18:21:25,18:30:25,18:39:25,18:48:25,18:57:25,19:06:25,19:15:25,19:24:25,19:33:25,19:42:25,19:51:25,20:00:25,20:09:25,20:18:25,20:27:25,20:36:25,20:45:25,20:54:25,21:03:25,21:12:25,21:21:25,21:30:25,21:39:25,21:48:25,21:57:25,22:06:25,22:15:25,22:24:25,22:33:25,22:42:25,22:51:25,23:00:25,23:10:25,23:20:25,23:30:25,23:41:25,23:52:35,,,,,,,,,,,,,,,,,,,,,,,,
아양교,05:49:45,06:03:35,06:17:05,06:29:05,06:40:05,06:50:05,07:00:05,07:09:05,07:18:05,07:27:05,07:36:05,07:45:05,07:54:05,08:03:05,08:12:05,08:21:05,08:30:05,08:39:05,08:48:05,08:57:05,09:06:05,09:15:05,09:24:05,09:33:05,09:42:05,09:51:05,10:00:05,10:09:05,10:18:05,10:27:05,10:36:05,10:45:05,10:54:05,11:03:05,11:12:05,11:21:05,11:30:05,11:39:05,11:48:05,11:57:05,12:05:05,12:13:05,12:21:05,12:29:05,12:37:05,12:45:05,12:53:05,13:01:05,13:09:05,13:17:05,13:25:05,13:33:05,13:41:05,13:49:05,13:57:05,14:05:05,14:13:05,14:21:05,14:29:05,14:37:05,14:45:05,14:53:05,15:01:05,15:09:05,15:17:05,15:25:05,15:33:05,15:41:05,15:49:05,15:57:05,16:05:05,16:13:05,16:21:05,16:29:05,16:37:05,16:45:05,16:53:05,17:01:05,17:09:05,17:17:05,17:25:05,17:33:05,17:41:05,17:49:05,17:57:05,18:05:05,18:14:05,18:23:05,18:32:05,18:41:05,18:50:05,18:59:05,19:08:05,19:17:05,19:26:05,19:35:05,19:44:05,19:53:05,20:02:05,20:11:05,20:20:05,20:29:05,20:38:05,20:47:05,20:56:05,21:05:05,21:14:05,21:23:05,21:32:05,21:41:05,21:50:05,21:59:05,22:08:05,22:17:05,22:26:05,22:35:05,22:44:05,22:53:05,23:02:05,23:12:05,23:22:05,23:32:05,23:43:05,23:54:15,,,,,,,,,,,,,,,,,,,,,,,,
동촌,05:51:50,06:05:40,06:19:10,06:31:10,06:42:10,06:52:10,07:02:10,07:11:10,07:20:10,07:29:10,07:38:10,07:47:10,07:56:10,08:05:10,08:14:10,08:23:10,08:32:10,08:41:10,08:50:10,08:59:10,09:08:10,09:17:10,09:26:10,09:35:10,09:44:10,09:53:10,10:02:10,10:11:10,10:20:10,10:29:10,10:38:10,10:47:10,10:56:10,11:05:10,11:14:10,11:23:10,11:32:10,11:41:10,11:50:10,11:59:10,12:07:10,12:15:10,12:23:10,12:31:10,12:39:10,12:47:10,12:55:10,13:03:10,13:11:10,13:19:10,13:27:10,13:35:10,13:43:10,13:51:10,13:59:10,14:07:10,14:15:10,14:23:10,14:31:10,14:39:10,14:47:10,14:55:10,15:03:10,15:11:10,15:19:10,15:27:10,15:35:10,15:43:10,15:51:10,15:59:10,16:07:10,16:15:10,16:23:10,16:31:10,16:39:10,16:47:10,16:55:10,17:03:10,17:11:10,17:19:10,17:27:10,17:35:10,17:43:10,17:51:10,17:59:10,18:07:10,18:16:10,18:25:10,18:34:10,18:43:10,18:52:10,19:01:10,19:10:10,19:19:10,19:28:10,19:37:10,19:46:10,19:55:10,20:04:10,20:13:10,20:22:10,20:31:10,20:40:10,20:49:10,20:58:10,21:07:10,21:16:10,21:25:10,21:34:10,21:43:10,21:52:10,22:01:10,22:10:10,22:19:10,22:28:10,22:37:10,22:46:10,22:55:10,23:04:10,23:14:10,23:24:10,23:34:10,23:45:10,23:56:20,,,,,,,,,,,,,,,,,,,,,,,,
해안,05:53:35,06:07:25,06:20:55,06:32:55,06:43:55,06:53:55,07:03:55,07:12:55,07:21:55,07:30:55,07:39:55,07:48:55,07:57:55,08:06:55,08:15:55,08:24:55,08:33:55,08:42:55,08:51:55,09:00:55,09:09:55,09:18:55,09:27:55,09:36:55,09:45:55,09:54:55,10:03:55,10:12:55,10:21:55,10:30:55,10:39:55,10:48:55,10:57:55,11:06:55,11:15:55,11:24:55,11:33:55,11:42:55,11:51:55,12:00:55,12:08:55,12:16:55,12:24:55,12:32:55,12:40:55,12:48:55,12:56:55,13:04:55,13:12:55,13:20:55,13:28:55,13:36:55,13:44:55,13:52:55,14:00:55,14:08:55,14:16:55,14:24:55,14:32:55,14:40:55,14:48:55,14:56:55,15:04:55,15:12:55,15:20:55,15:28:55,15:36:55,15:44:55,15:52:55,16:00:55,16:08:55,16:16:55,16:24:55,16:32:55,16:40:55,16:48:55,16:56:55,17:04:55,17:12:55,17:20:55,17:28:55,17:36:55,17:44:55,17:52:55,18:00:55,18:08:55,18:17:55,18:26:55,18:35:55,18:44:55,18:53:55,19:02:55,19:11:55,19:20:55,19:29:55,19:38:55,19:47:55,19:56:55,20:05:55,20:14:55,20:23:55,20:32:55,20:41:55,20:50:55,20:59:55,21:08:55,21:17:55,21:26:55,21:35:55,21:44:55,21:53:55,22:02:55,22:11:55,22:20:55,22:29:55,22:38:55,22:47:55,22:56:55,23:05:55,23:15:55,23:25:55,23:35:55,23:46:55,23:58:05,,,,,,,,,,,,,,,,,,,,,,,,
방촌,05:55:30,06:09:20,06:22:50,06:34:50,06:45:50,06:55:50,07:05:50,07:14:50,07:23:50,07:32:50,07:41:50,07:50:50,07:59:50,08:08:50,08:17:50,08:26:50,08:35:50,08:44:50,08:53:50,09:02:50,09:11:50,09:20:50,09:29:50,09:38:50,09:47:50,09:56:50,10:05:50,10:14:50,10:23:50,10:32:50,10:41:50,10:50:50,10:59:50,11:08:50,11:17:50,11:26:50,11:35:50,11:44:50,11:53:50,12:02:50,12:10:50,12:18:50,12:26:50,12:34:50,12:42:50,12:50:50,12:58:50,13:06:50,13:14:50,13:22:50,13:30:50,13:38:50,13:46:50,13:54:50,14:02:50,14:10:50,14:18:50,14:26:50,14:34:50,14:42:50,14:50:50,14:58:50,15:06:50,15:14:50,15:22:50,15:30:50,15:38:50,15:46:50,15:54:50,16:02:50,16:10:50,16:18:50,16:26:50,16:34:50,16:42:50,16:50:50,16:58:50,17:06:50,17:14:50,17:22:50,17:30:50,17:38:50,17:46:50,17:54:50,18:02:50,18:10:50,18:19:50,18:28:50,18:37:50,18:46:50,18:55:50,19:04:50,19:13:50,19:22:50,19:31:50,19:40:50,19:49:50,19:58:50,20:07:50,20:16:50,20:25:50,20:34:50,20:43:50,20:52:50,21:01:50,21:10:50,21:19:50,21:28:50,21:37:50,21:46:50,21:55:50,22:04:50,22:13:50,22:22:50,22:31:50,22:40:50,22:49:50,22:58:50,23:07:50,23:17:50,23:27:50,23:37:50,23:48:50,00:00:00,,,,,,,,,,,,,,,,,,,,,,,,
용계,05:57:20,06:11:10,06:24:40,06:36:40,06:47:40,06:57:40,07:07:40,07:16:40,07:25:40,07:34:40,07:43:40,07:52:40,08:01:40,08:10:40,08:19:40,08:28:40,08:37:40,08:46:40,08:55:40,09:04:40,09:13:40,09:22:40,09:31:40,09:40:40,09:49:40,09:58:40,10:07:40,10:16:40,10:25:40,10:34:40,10:43:40,10:52:40,11:01:40,11:10:40,11:19:40,11:28:40,11:37:40,11:46:40,11:55:40,12:04:40,12:12:40,12:20:40,12:28:40,12:36:40,12:44:40,12:52:40,13:00:40,13:08:40,13:16:40,13:24:40,13:32:40,13:40:40,13:48:40,13:56:40,14:04:40,14:12:40,14:20:40,14:28:40,14:36:40,14:44:40,14:52:40,15:00:40,15:08:40,15:16:40,15:24:40,15:32:40,15:40:40,15:48:40,15:56:40,16:04:40,16:12:40,16:20:40,16:28:40,16:36:40,16:44:40,16:52:40,17:00:40,17:08:40,17:16:40,17:24:40,17:32:40,17:40:40,17:48:40,17:56:40,18:04:40,18:12:40,18:21:40,18:30:40,18:39:40,18:48:40,18:57:40,19:06:40,19:15:40,19:24:40,19:33:40,19:42:40,19:51:40,20:00:40,20:09:40,20:18:40,20:27:40,20:36:40,20:45:40,20:54:40,21:03:40,21:12:40,21:21:40,21:30:40,21:39:40,21:48:40,21:57:40,22:06:40,22:15:40,22:24:40,22:33:40,22:42:40,22:51:40,23:00:40,23:09:40,23:19:40,23:29:40,23:39:40,23:50:40,,,,,,,,,,,,,,,,,,,,,,,,,
율하,05:59:25,06:13:15,06:26:45,06:38:45,06:49:45,06:59:45,07:09:45,07:18:45,07:27:45,07:36:45,07:45:45,07:54:45,08:03:45,08:12:45,08:21:45,08:30:45,08:39:45,08:48:45,08:57:45,09:06:45,09:15:45,09:24:45,09:33:45,09:42:45,09:51:45,10:00:45,10:09:45,10:18:45,10:27:45,10:36:45,10:45:45,10:54:45,11:03:45,11:12:45,11:21:45,11:30:45,11:39:45,11:48:45,11:57:45,12:06:45,12:14:45,12:22:45,12:30:45,12:38:45,12:46:45,12:54:45,13:02:45,13:10:45,13:18:45,13:26:45,13:34:45,13:42:45,13:50:45,13:58:45,14:06:45,14:14:45,14:22:45,14:30:45,14:38:45,14:46:45,14:54:45,15:02:45,15:10:45,15:18:45,15:26:45,15:34:45,15:42:45,15:50:45,15:58:45,16:06:45,16:14:45,16:22:45,16:30:45,16:38:45,16:46:45,16:54:45,17:02:45,17:10:45,17:18:45,17:26:45,17:34:45,17:42:45,17:50:45,17:58:45,18:06:45,18:14:45,18:23:45,18:32:45,18:41:45,18:50:45,18:59:45,19:08:45,19:17:45,19:26:45,19:35:45,19:44:45,19:53:45,20:02:45,20:11:45,20:20:45,20:29:45,20:38:45,20:47:45,20:56:45,21:05:45,21:14:45,21:23:45,21:32:45,21:41:45,21:50:45,21:59:45,22:08:45,22:17:45,22:26:45,22:35:45,22:44:45,22:53:45,23:02:45,23:11:45,23:21:45,23:31:45,23:41:45,23:52:45,,,,,,,,,,,,,,,,,,,,,,,,,
신기,06:01:15,06:15:05,06:28:35,06:40:35,06:51:35,07:01:35,07:11:35,07:20:35,07:29:35,07:38:35,07:47:35,07:56:35,08:05:35,08:14:35,08:23:35,08:32:35,08:41:35,08:50:35,08:59:35,09:08:35,09:17:35,09:26:35,09:35:35,09:44:35,09:53:35,10:02:35,10:11:35,10:20:35,10:29:35,10:38:35,10:47:35,10:56:35,11:05:35,11:14:35,11:23:35,11:32:35,11:41:35,11:50:35,11:59:35,12:08:35,12:16:35,12:24:35,12:32:35,12:40:35,12:48:35,12:56:35,13:04:35,13:12:35,13:20:35,13:28:35,13:36:35,13:44:35,13:52:35,14:00:35,14:08:35,14:16:35,14:24:35,14:32:35,14:40:35,14:48:35,14:56:35,15:04:35,15:12:35,15:20:35,15:28:35,15:36:35,15:44:35,15:52:35,16:00:35,16:08:35,16:16:35,16:24:35,16:32:35,16:40:35,16:48:35,16:56:35,17:04:35,17:12:35,17:20:35,17:28:35,17:36:35,17:44:35,17:52:35,18:00:35,18:08:35,18:16:35,18:25:35,18:34:35,18:43:35,18:52:35,19:01:35,19:10:35,19:19:35,19:28:35,19:37:35,19:46:35,19:55:35,20:04:35,20:13:35,20:22:35,20:31:35,20:40:35,20:49:35,20:58:35,21:07:35,21:16:35,21:25:35,21:34:35,21:43:35,21:52:35,22:01:35,22:10:35,22:19:35,22:28:35,22:37:35,22:46:35,22:55:35,23:04:35,23:13:35,23:23:35,23:33:35,23:43:35,23:54:35,,,,,,,,,,,,,,,,,,,,,,,,,
반야월,06:03:05,06:16:55,06:30:25,06:42:25,06:53:25,07:03:25,07:13:25,07:22:25,07:31:25,07:40:25,07:49:25,07:58:25,08:07:25,08:16:25,08:25:25,08:34:25,08:43:25,08:52:25,09:01:25,09:10:25,09:19:25,09:28:25,09:37:25,09:46:25,09:55:25,10:04:25,10:13:25,10:22:25,10:31:25,10:40:25,10:49:25,10:58:25,11:07:25,11:16:25,11:25:25,11:34:25,11:43:25,11:52:25,12:01:25,12:10:25,12:18:25,12:26:25,12:34:25,12:42:25,12:50:25,12:58:25,13:06:25,13:14:25,13:22:25,13:30:25,13:38:25,13:46:25,13:54:25,14:02:25,14:10:25,14:18:25,14:26:25,14:34:25,14:42:25,14:50:25,14:58:25,15:06:25,15:14:25,15:22:25,15:30:25,15:38:25,15:46:25,15:54:25,16:02:25,16:10:25,16:18:25,16:26:25,16:34:25,16:42:25,16:50:25,16:58:25,17:06:25,17:14:25,17:22:25,17:30:25,17:38:25,17:46:25,17:54:25,18:02:25,18:10:25,18:18:25,18:27:25,18:36:25,18:45:25,18:54:25,19:03:25,19:12:25,19:21:25,19:30:25,19:39:25,19:48:25,19:57:25,20:06:25,20:15:25,20:24:25,20:33:25,20:42:25,20:51:25,21:00:25,21:09:25,21:18:25,21:27:25,21:36:25,21:45:25,21:54:25,22:03:25,22:12:25,22:21:25,22:30:25,22:39:25,22:48:25,22:57:25,23:06:25,23:15:25,23:25:25,23:35:25,23:45:25,23:56:25,,,,,,,,,,,,,,,,,,,,,,,,,
각산,06:04:50,06:18:40,06:32:10,06:44:10,06:55:10,07:05:10,07:15:10,07:24:10,07:33:10,07:42:10,07:51:10,08:00:10,08:09:10,08:18:10,08:27:10,08:36:10,08:45:10,08:54:10,09:03:10,09:12:10,09:21:10,09:30:10,09:39:10,09:48:10,09:57:10,10:06:10,10:15:10,10:24:10,10:33:10,10:42:10,10:51:10,11:00:10,11:09:10,11:18:10,11:27:10,11:36:10,11:45:10,11:54:10,12:03:10,12:12:10,12:20:10,12:28:10,12:36:10,12:44:10,12:52:10,13:00:10,13:08:10,13:16:10,13:24:10,13:32:10,13:40:10,13:48:10,13:56:10,14:04:10,14:12:10,14:20:10,14:28:10,14:36:10,14:44:10,14:52:10,15:00:10,15:08:10,15:16:10,15:24:10,15:32:10,15:40:10,15:48:10,15:56:10,16:04:10,16:12:10,16:20:10,16:28:10,16:36:10,16:44:10,16:52:10,17:00:10,17:08:10,17:16:10,17:24:10,17:32:10,17:40:10,17:48:10,17:56:10,18:04:10,18:12:10,18:20:10,18:29:10,18:38:10,18:47:10,18:56:10,19:05:10,19:14:10,19:23:10,19:32:10,19:41:10,19:50:10,19:59:10,20:08:10,20:17:10,20:26:10,20:35:10,20:44:10,20:53:10,21:02:10,21:11:10,21:20:10,21:29:10,21:38:10,21:47:10,21:56:10,22:05:10,22:14:10,22:23:10,22:32:10,22:41:10,22:50:10,22:59:10,23:08:10,23:17:10,23:27:10,23:37:10,23:47:10,23:58:10,,,,,,,,,,,,,,,,,,,,,,,,,
안심,06:06:40,06:20:30,06:34:00,06:46:00,06:57:00,07:07:00,07:17:00,07:26:00,07:35:00,07:44:00,07:53:00,08:02:00,08:11:00,08:20:00,08:29:00,08:38:00,08:47:00,08:56:00,09:05:00,09:14:00,09:23:00,09:32:00,09:41:00,09:50:00,09:59:00,10:08:00,10:17:00,10:26:00,10:35:00,10:44:00,10:53:00,11:02:00,11:11:00,11:20:00,11:29:00,11:38:00,11:47:00,11:56:00,12:05:00,12:14:00,12:22:00,12:30:00,12:38:00,12:46:00,12:54:00,13:02:00,13:10:00,13:18:00,13:26:00,13:34:00,13:42:00,13:50:00,13:58:00,14:06:00,14:14:00,14:22:00,14:30:00,14:38:00,14:46:00,14:54:00,15:02:00,15:10:00,15:18:00,15:26:00,15:34:00,15:42:00,15:50:00,15:58:00,16:06:00,16:14:00,16:22:00,16:30:00,16:38:00,16:46:00,16:54:00,17:02:00,17:10:00,17:18:00,17:26:00,17:34:00,17:42:00,17:50:00,17:58:00,18:06:00,18:14:00,18:22:00,18:31:00,18:40:00,18:49:00,18:58:00,19:07:00,19:16:00,19:25:00,19:34:00,19:43:00,19:52:00,20:01:00,20:10:00,20:19:00,20:28:00,20:37:00,20:46:00,20:55:00,21:04:00,21:13:00,21:22:00,21:31:00,21:40:00,21:49:00,21:58:00,22:07:00,22:16:00,22:25:00,22:34:00,22:43:00,22:52:00,23:01:00,23:10:00,23:19:00,23:29:00,23:39:00,23:49:00,00:00:00,,,,,,,,,,,,,,,,,,,,,,,,,
대구한의대병원,06:09:25,06:23:15,06:36:45,,06:59:45,,07:19:45,,07:37:45,,07:55:45,,08:13:45,,08:31:45,,08:49:45,,09:07:45,,09:25:45,,09:43:45,,10:01:45,,10:19:45,,10:37:45,,10:55:45,,11:13:45,,11:31:45,,11:49:45,,12:07:45,,12:24:45,,12:40:45,,12:56:45,,13:12:45,,13:28:45,,13:44:45,,14:00:45,,14:16:45,,14:32:45,,14:48:45,,15:04:45,,15:20:45,,15:36:45,,15:52:45,,16:08:45,,16:24:45,,16:40:45,,16:56:45,,17:12:45,,17:28:45,,17:44:45,,18:00:45,,18:16:45,,18:33:45,,18:51:45,,19:09:45,,19:27:45,,19:45:45,,20:03:45,,20:21:45,,20:39:45,,20:57:45,,21:15:45,,21:33:45,,21:51:45,,22:09:45,,22:27:45,,22:45:45,,23:03:45,,23:21:45,,23:41:45,23:51:45,,,,,,,,,,,,,,,,,,,,,,,,,,
부호,06:15:50,06:29:40,06:43:10,,07:06:10,,07:26:10,,07:44:10,,08:02:10,,08:20:10,,08:38:10,,08:56:10,,09:14:10,,09:32:10,,09:50:10,,10:08:10,,10:26:10,,10:44:10,,11:02:10,,11:20:10,,11:38:10,,11:56:10,,12:14:10,,12:31:10,,12:47:10,,13:03:10,,13:19:10,,13:35:10,,13:51:10,,14:07:10,,14:23:10,,14:39:10,,14:55:10,,15:11:10,,15:27:10,,15:43:10,,15:59:10,,16:15:10,,16:31:10,,16:47:10,,17:03:10,,17:19:10,,17:35:10,,17:51:10,,18:07:10,,18:23:10,,18:40:10,,18:58:10,,19:16:10,,19:34:10,,19:52:10,,20:10:10,,20:28:10,,20:46:10,,21:04:10,,21:22:10,,21:40:10,,21:58:10,,22:16:10,,22:34:10,,22:52:10,,23:10:10,,23:28:10,,23:48:10,23:58:10,,,,,,,,,,,,,,,,,,,,,,,,,,
하양,06:18:40,06:32:30,06:46:00,,07:09:00,,07:29:00,,07:47:00,,08:05:00,,08:23:00,,08:41:00,,08:59:00,,09:17:00,,09:35:00,,09:53:00,,10:11:00,,10:29:00,,10:47:00,,11:05:00,,11:23:00,,11:41:00,,11:59:00,,12:17:00,,12:34:00,,12:50:00,,13:06:00,,13:22:00,,13:38:00,,13:54:00,,14:10:00,,14:26:00,,14:42:00,,14:58:00,,15:14:00,,15:30:00,,15:46:00,,16:02:00,,16:18:00,,16:34:00,,16:50:00,,17:06:00,,17:22:00,,17:38:00,,17:54:00,,18:10:00,,18:26:00,,18:43:00,,19:01:00,,19:19:00,,19:37:00,,19:55:00,,20:13:00,,20:31:00,,20:49:00,,21:07:00,,21:25:00,,21:43:00,,22:01:00,,22:19:00,,22:37:00,,22:55:00,,23:13:00,,23:31:00,,23:51:00,00:01:00,,,,,,,,,,,,,,,,,,,,,,,,,,