시발역,망양  ,망양  ,태화강,태화강,망양  ,태화강,태화강,태화강,태화강,태화강,태화강,태화강,태화강,망양  ,태화강,망양  ,태화강,태화강,태화강,태화강,태화강,태화강,태화강,태화강,태화강,태화강,태화강,태화강,태화강,망양  ,태화강,태화강,태화강,망양  ,태화강,망양  ,태화강,태화강,태화강,태화강,태화강,태화강,태화강,태화강,태화강,태화강,태화강,태화강,태화강,태화강,태화강,태화강,태화강,,,,,,,,,,,,
종착역,부전  ,부전  ,부전  ,부전  ,부전  ,부전  ,부전  ,부전  ,부전  ,부전  ,부전  ,부전  ,부전  ,부전  ,망양  ,부전  ,부전  ,망양  ,부전  ,부전  ,부전  ,부전  ,부전  ,부전  ,부전  ,부전  ,부전  ,부전  ,부전  ,부전  ,부전  ,부전  ,부전  ,부전  ,부전  ,부전  ,부전  ,부전  ,부전  ,부전  ,부전  ,부전  ,부전  ,부전  ,부전  ,부전  ,부전  ,부전  ,부전  ,부전  ,부전  ,부전  ,망양  ,,,,,,,,,,,,
열차번호,K8652,K8654,K8502,K8504,K8656,K8506,K8508,K8510,K8512,K8514,K8516,K8518,K8520,K8658,K8662,K8660,K8524,K8664,K8526,K8528,K8530,K8532,K8534,K8536,K8538,K8540,K8542,K8544,K8546,K8666,K8548,K8550,K8552,K8668,K8554,K8670,K8556,K8558,K8560,K8562,K8564,K8566,K8568,K8570,K8572,K8574,K8576,K8578,K8580,K8582,K8584,K8586,K8672,,,,,,,,,,,,
태화강,        ,        ,05:36:00,05:52:00,,06:20:00,06:35:00,06:47:00,07:06:00,07:25:00,07:43:00,08:02:00,08:18:00,,09:03:00,,09:18:00,09:30:00,09:51:00,10:15:00,10:46:00,11:18:00,11:41:00,12:05:00,12:49:00,13:23:00,13:48:00,14:11:00,14:42:00,,15:29:00,15:55:00,16:21:00,,16:56:00,,17:22:00,17:38:00,18:01:00,18:20:00,18:37:00,18:55:00,19:09:00,19:31:00,19:50:00,20:13:00,20:36:00,21:09:00,21:28:00,21:55:00,22:25:00,23:00:00,23:30:00,        ,        ,        ,        ,        ,        ,        ,        ,        ,        ,        ,        
,,,,,,,,,,,,,,,,,,,,,,,,,,,,,,,,,,,,,,,,,,,,,,,,,,,,,,,,,,,,,,,,,
개운포,        ,        ,05:40:30,05:56:30,        ,06:24:30,06:39:30,06:51:30,07:10:30,07:29:30,07:47:30,08:06:30,08:22:30,        ,09:07:30,        ,09:22:30,09:34:30,09:55:30,10:19:30,10:50:30,11:22:30,11:45:30,12:09:30,12:53:30,13:27:30,13:52:30,14:15:30,14:46:30,        ,15:33:30,15:59:30,16:25:30,        ,17:00:30,        ,17:26:30,17:42:30,18:05:30,18:24:30,18:41:30,18:59:30,19:13:30,19:35:30,19:54:30,20:17:30,20:40:30,21:13:30,21:32:30,21:59:30,22:29:30,23:04:30,23:34:30,        ,        ,        ,        ,        ,        ,        ,        ,        ,        ,        ,        
,,,,,,,,,,,,,,,,,,,,,,,,,,,,,,,,,,,,,,,,,,,,,,,,,,,,,,,,,,,,,,,,,
덕하  ,        ,        ,05:43:30,05:59:30,        ,06:27:30,06:42:30,06:54:30,07:13:30,07:32:30,07:50:30,08:09:30,08:25:30,        ,09:10:30,        ,09:25:30,09:37:30,09:58:30,10:22:30,10:53:30,11:25:30,11:48:30,12:12:30,12:56:30,13:30:30,13:55:30,14:18:30,14:49:30,        ,15:36:30,16:02:30,16:28:30,        ,17:03:30,        ,17:29:30,17:45:30,18:08:30,18:27:30,18:44:30,19:02:30,19:16:30,19:38:30,19:57:30,20:20:30,20:43:30,21:16:30,21:35:30,22:02:30,22:32:30,23:07:30,23:37:30,        ,        ,        ,        ,        ,        ,        ,        ,        ,        ,        ,        
,,,,,,,,,,,,,,,,,,,,,,,,,,,,,,,,,,,,,,,,,,,,,,,,,,,,,,,,,,,,,,,,,
망양  ,        ,        ,05:48:00,06:04:00,        ,06:32:00,06:47:00,06:59:00,07:18:00,07:37:00,07:55:00,08:14:00,08:30:00,        ,09:15:00,        ,09:30:00,09:42:00,10:03:00,10:27:00,10:58:00,11:30:00,11:53:00,12:17:00,13:05:30,13:35:00,14:00:00,14:23:00,14:54:00,        ,15:41:00,16:07:00,16:33:00,        ,17:08:00,        ,17:34:00,17:50:00,18:13:00,18:32:00,18:49:00,19:07:00,19:21:00,19:43:00,20:02:00,20:25:00,20:48:00,21:21:00,21:40:00,22:07:00,22:37:00,23:12:00,23:42:00,        ,        ,        ,        ,        ,        ,        ,        ,        ,        ,        ,        
,,,,,,,,,,,,,,,,,,,,,,,,,,,,,,,,,,,,,,,,,,,,,,,,,,,,,,,,,,,,,,,,,
남창  ,05:24:00,05:38:00,05:52:30,06:08:30,06:20:00,06:36:30,06:51:30,07:03:30,07:22:30,07:41:30,07:59:30,08:18:30,08:34:30,08:57:00,        ,09:16:00,09:34:30,        ,10:07:30,10:31:30,11:02:30,11:34:30,11:57:30,12:21:30,13:10:00,13:39:30,14:04:30,14:27:30,14:58:30,15:22:00,15:51:00,16:11:30,16:37:30,16:56:00,17:12:30,17:24:00,17:38:30,17:54:30,18:23:00,18:36:30,18:53:30,19:11:30,19:25:30,19:47:30,20:06:30,20:29:30,20:52:30,21:25:30,21:49:00,22:11:30,22:41:30,23:16:30,,,,,,,,,,,,,
,,,,,,,,,,,,,,,,,,,,,,,,,,,,,,,,,,,,,,,,,,,,,,,,,,,,,,,,,,,,,,,,,
서생  ,05:31:30,05:45:30,06:00:00,06:16:00,06:27:30,06:44:00,06:59:00,07:11:00,07:30:00,07:49:00,08:07:00,08:26:00,08:42:00,09:04:30,        ,09:23:30,09:42:00,        ,10:15:00,10:39:00,11:10:00,11:42:00,12:05:00,12:29:00,13:17:30,13:47:00,14:12:00,14:35:00,15:06:00,15:29:30,15:58:30,16:19:00,16:45:00,17:03:30,17:20:00,17:31:30,17:46:00,18:02:00,18:30:30,18:44:00,19:01:00,19:19:00,19:33:00,19:55:00,20:14:00,20:37:00,21:00:00,21:33:00,21:56:30,22:19:00,22:49:00,23:24:00,,,,,,,,,,,,,
,,,,,,,,,,,,,,,,,,,,,,,,,,,,,,,,,,,,,,,,,,,,,,,,,,,,,,,,,,,,,,,,,
월내  ,05:35:00,05:49:00,06:03:30,06:19:30,06:31:00,06:47:30,07:02:30,07:14:30,07:33:30,07:52:30,08:10:30,08:29:30,08:45:30,09:08:00,        ,09:27:00,09:45:30,        ,10:18:30,10:42:30,11:13:30,11:45:30,12:08:30,12:32:30,13:21:00,13:50:30,14:15:30,14:38:30,15:09:30,15:33:00,16:02:00,16:22:30,16:48:30,17:07:00,17:23:30,17:35:00,17:49:30,18:05:30,18:34:00,18:47:30,19:04:30,19:22:30,19:36:30,19:58:30,20:17:30,20:40:30,21:03:30,21:36:30,22:00:00,22:22:30,22:52:30,23:27:30,,,,,,,,,,,,,
,,,,,,,,,,,,,,,,,,,,,,,,,,,,,,,,,,,,,,,,,,,,,,,,,,,,,,,,,,,,,,,,,
좌천  ,05:39:00,05:53:00,06:07:30,06:23:30,06:35:00,06:51:30,07:06:30,07:23:30,07:37:30,07:56:30,08:14:30,08:33:30,08:49:30,09:12:00,        ,09:31:00,09:49:30,        ,10:22:30,10:46:30,11:17:30,11:49:30,12:12:30,12:41:00,13:25:00,13:54:30,14:19:30,14:42:30,15:13:30,15:37:00,16:06:00,16:26:30,16:52:30,17:11:00,17:27:30,17:39:00,17:53:30,18:15:00,18:38:00,18:51:30,19:08:30,19:26:30,19:40:30,20:02:30,20:21:30,20:44:30,21:07:30,21:40:30,22:08:30,22:31:00,22:56:30,23:31:30,,,,,,,,,,,,,
,,,,,,,,,,,,,,,,,,,,,,,,,,,,,,,,,,,,,,,,,,,,,,,,,,,,,,,,,,,,,,,,,
일광  ,05:44:00,05:58:00,06:12:30,06:28:30,06:40:00,06:56:30,07:11:30,07:28:30,07:42:30,08:01:30,08:19:30,08:38:30,08:54:30,09:17:00,        ,09:36:00,09:54:30,        ,10:27:30,10:51:30,11:22:30,11:54:30,12:17:30,12:46:00,13:30:00,13:59:30,14:24:30,14:47:30,15:18:30,15:42:00,16:11:00,16:31:30,16:57:30,17:16:00,17:32:30,17:44:00,17:58:30,18:20:00,18:43:00,18:56:30,19:13:30,19:31:30,19:45:30,20:07:30,20:26:30,20:49:30,21:12:30,21:45:30,22:13:30,22:36:00,23:01:30,23:36:30,,,,,,,,,,,,,
,,,,,,,,,,,,,,,,,,,,,,,,,,,,,,,,,,,,,,,,,,,,,,,,,,,,,,,,,,,,,,,,,
기장  ,05:47:30,06:01:30,06:16:00,06:32:00,06:43:30,07:00:00,07:15:00,07:32:00,07:46:00,08:05:00,08:23:00,08:42:00,08:58:00,09:20:30,        ,09:39:30,09:58:00,        ,10:31:00,10:55:00,11:26:00,11:58:00,12:21:00,12:49:30,13:33:30,14:03:00,14:28:00,14:51:00,15:22:00,15:45:30,16:14:30,16:35:00,17:01:00,17:19:30,17:36:00,17:47:30,18:02:00,18:24:00,18:46:30,19:00:00,19:17:00,19:35:00,19:49:00,20:15:30,20:30:00,20:53:00,21:16:00,21:49:00,22:17:00,22:39:30,23:05:00,23:40:00,,,,,,,,,,,,,
,,,,,,,,,,,,,,,,,,,,,,,,,,,,,,,,,,,,,,,,,,,,,,,,,,,,,,,,,,,,,,,,,
오시리,05:53:00,06:07:00,06:21:30,06:37:30,06:49:00,07:05:30,07:20:30,07:37:30,07:51:30,08:10:30,08:28:30,08:47:30,09:03:30,09:26:00,        ,09:45:00,10:03:30,        ,10:36:30,11:00:30,11:31:30,12:03:30,12:26:30,12:55:00,13:39:00,14:08:30,14:33:30,14:56:30,15:27:30,15:51:00,16:20:00,16:40:30,17:06:30,17:25:00,17:41:30,17:53:00,18:07:30,18:30:00,18:52:00,19:05:30,19:22:30,19:40:30,19:54:30,20:21:00,20:35:30,20:58:30,21:21:30,21:54:30,22:22:30,22:45:00,23:10:30,23:45:30,,,,,,,,,,,,,
,,,,,,,,,,,,,,,,,,,,,,,,,,,,,,,,,,,,,,,,,,,,,,,,,,,,,,,,,,,,,,,,,
송정  ,05:55:00,06:09:00,06:23:30,06:39:30,06:51:00,07:07:30,07:22:30,07:39:30,07:53:30,08:12:30,08:30:30,08:49:30,09:05:30,09:28:00,        ,09:47:00,10:05:30,        ,10:38:30,11:02:30,11:33:30,12:05:30,12:28:30,12:57:00,13:41:00,14:10:30,14:35:30,14:58:30,15:29:30,15:53:00,16:22:00,16:42:30,17:08:30,17:27:00,17:43:30,17:55:00,18:09:30,18:32:00,18:54:00,19:07:30,19:24:30,19:42:30,19:56:30,20:23:00,20:37:30,21:00:30,21:23:30,21:56:30,22:24:30,22:47:00,23:12:30,23:47:30,,,,,,,,,,,,,
,,,,,,,,,,,,,,,,,,,,,,,,,,,,,,,,,,,,,,,,,,,,,,,,,,,,,,,,,,,,,,,,,
신해운,05:58:30,06:12:30,06:27:00,06:43:00,06:54:30,07:11:00,07:26:00,07:43:00,07:57:00,08:16:00,08:34:00,08:53:00,09:13:30,09:31:30,        ,09:50:30,10:09:00,        ,10:42:00,11:06:00,11:37:00,12:09:00,12:32:00,13:00:30,13:44:30,14:14:00,14:39:00,15:02:00,15:33:00,15:56:30,16:25:30,16:50:30,17:12:00,17:30:30,17:47:00,17:58:30,18:13:00,18:40:00,18:57:30,19:11:00,19:28:00,19:46:00,20:00:00,20:26:30,20:41:00,21:04:00,21:27:00,22:00:00,22:28:00,22:50:30,23:16:00,23:51:00,,,,,,,,,,,,,
,,,,,,,,,,,,,,,,,,,,,,,,,,,,,,,,,,,,,,,,,,,,,,,,,,,,,,,,,,,,,,,,,
벡스코,06:03:00,06:17:00,06:31:30,06:47:30,06:59:00,07:15:30,07:30:30,07:47:30,08:01:30,08:20:30,08:38:30,08:57:30,09:18:00,09:36:00,        ,09:55:00,10:13:30,        ,10:46:30,11:10:30,11:41:30,12:13:30,12:36:30,13:05:00,13:49:00,14:18:30,14:43:30,15:06:30,15:37:30,16:01:00,16:30:00,16:55:00,17:16:30,17:35:00,17:51:30,18:03:00,18:17:30,18:44:30,19:02:00,19:15:30,19:32:30,19:50:30,20:04:30,20:31:00,20:45:30,21:08:30,21:31:30,22:04:30,22:33:00,22:55:00,23:20:30,23:55:30,,,,,,,,,,,,,
,,,,,,,,,,,,,,,,,,,,,,,,,,,,,,,,,,,,,,,,,,,,,,,,,,,,,,,,,,,,,,,,,
센텀  ,06:05:30,06:19:30,06:34:00,06:50:00,07:01:30,07:18:00,07:33:00,07:50:00,08:04:00,08:23:00,08:41:00,09:00:00,09:20:30,09:38:30,        ,09:57:30,10:16:00,        ,10:49:00,11:13:00,11:44:00,12:16:00,12:39:00,13:07:30,13:51:30,14:21:00,14:46:00,15:09:00,15:40:00,16:03:30,16:32:30,16:57:30,17:19:00,17:37:30,17:54:00,18:05:30,18:20:00,18:47:00,19:04:30,19:18:00,19:35:00,19:53:00,20:07:00,20:33:30,20:48:00,21:11:00,21:34:00,22:07:00,22:35:30,22:57:30,23:23:00,23:58:00,,,,,,,,,,,,,
,,,,,,,,,,,,,,,,,,,,,,,,,,,,,,,,,,,,,,,,,,,,,,,,,,,,,,,,,,,,,,,,,
재송  ,06:07:30,06:21:30,06:36:00,06:52:00,07:03:30,07:20:00,07:35:00,07:52:00,08:06:00,08:25:00,08:43:00,09:02:00,09:22:30,09:40:30,        ,09:59:30,10:18:00,        ,10:51:00,11:15:00,11:46:00,12:18:00,12:41:00,13:09:30,13:53:30,14:23:00,14:48:00,15:11:00,15:42:00,16:05:30,16:34:30,16:59:30,17:21:00,17:39:30,17:56:00,18:07:30,18:22:00,18:49:00,19:06:30,19:20:00,19:37:00,19:55:00,20:09:00,20:35:30,20:50:00,21:13:00,21:36:00,22:09:00,22:38:00,22:59:30,23:25:00,00:00:00,,,,,,,,,,,,,
,,,,,,,,,,,,,,,,,,,,,,,,,,,,,,,,,,,,,,,,,,,,,,,,,,,,,,,,,,,,,,,,,
부산원,06:09:30,06:23:30,06:38:00,06:54:00,07:05:30,07:22:00,07:37:00,07:54:00,08:08:00,08:27:00,08:45:00,09:04:00,09:24:30,09:42:30,        ,10:01:30,10:20:00,        ,10:53:00,11:17:00,11:48:00,12:20:00,12:43:00,13:11:30,13:55:30,14:25:00,14:50:00,15:13:00,15:44:00,16:07:30,16:36:30,17:01:30,17:23:00,17:41:30,17:58:00,18:09:30,18:24:00,18:51:00,19:08:30,19:22:00,19:39:00,19:57:00,20:11:00,20:37:30,20:52:00,21:15:00,21:38:00,22:11:00,22:40:00,23:01:30,23:27:00,00:02:00,,,,,,,,,,,,,
,,,,,,,,,,,,,,,,,,,,,,,,,,,,,,,,,,,,,,,,,,,,,,,,,,,,,,,,,,,,,,,,,
안락  ,06:12:00,06:26:00,06:40:30,06:56:30,07:08:00,07:24:30,07:39:30,07:56:30,08:10:30,08:29:30,08:47:30,09:06:30,09:27:00,09:45:00,        ,10:04:00,10:22:30,        ,10:55:30,11:19:30,11:50:30,12:22:30,12:45:30,13:14:00,13:58:00,14:27:30,14:52:30,15:15:30,15:46:30,16:10:00,16:39:00,17:04:00,17:25:30,17:44:00,18:00:30,18:12:00,18:26:30,18:53:30,19:11:00,19:24:30,19:41:30,19:59:30,20:13:30,20:40:00,20:54:30,21:17:30,21:40:30,22:13:30,22:42:30,23:04:00,23:29:30,00:04:30,,,,,,,,,,,,,
,,,,,,,,,,,,,,,,,,,,,,,,,,,,,,,,,,,,,,,,,,,,,,,,,,,,,,,,,,,,,,,,,
동래  ,06:14:00,06:28:00,06:42:30,06:58:30,07:10:00,07:26:30,07:41:30,07:58:30,08:12:30,08:31:30,08:49:30,09:08:30,09:29:00,09:47:00,        ,10:06:00,10:25:00,        ,10:57:30,11:21:30,11:52:30,12:24:30,12:47:30,13:16:00,14:00:00,14:29:30,14:54:30,15:17:30,15:48:30,16:12:00,16:41:00,17:06:00,17:27:30,17:46:00,18:02:30,18:14:00,18:28:30,18:55:30,19:13:00,19:26:30,19:43:30,20:01:30,20:15:30,20:42:00,20:56:30,21:19:30,21:42:30,22:15:30,22:44:30,23:06:00,23:31:30,00:06:30,,,,,,,,,,,,,
,,,,,,,,,,,,,,,,,,,,,,,,,,,,,,,,,,,,,,,,,,,,,,,,,,,,,,,,,,,,,,,,,
부교대,06:16:30,06:30:30,06:45:00,07:01:00,07:12:30,07:29:00,07:44:00,08:01:00,08:15:00,08:34:00,08:52:00,09:11:00,09:32:00,09:49:30,        ,10:08:30,10:32:30,        ,11:00:00,11:28:30,11:55:00,12:27:00,12:50:00,13:18:30,14:02:30,14:32:00,14:57:00,15:24:30,15:51:00,16:14:30,16:43:30,17:08:30,17:30:00,17:48:30,18:05:00,18:16:30,18:31:00,18:58:00,19:15:30,19:29:00,19:46:00,20:04:00,20:18:00,20:44:30,20:59:00,21:22:00,21:45:00,22:18:00,22:51:30,23:08:30,23:38:30,00:09:00,,,,,,,,,,,,,
,,,,,,,,,,,,,,,,,,,,,,,,,,,,,,,,,,,,,,,,,,,,,,,,,,,,,,,,,,,,,,,,,
거제  ,06:18:00,06:32:00,06:46:30,07:02:30,07:14:00,07:30:30,07:45:30,08:02:30,08:16:30,08:35:30,08:53:30,09:12:30,09:33:30,09:51:00,        ,10:10:00,10:34:00,        ,11:01:30,11:30:00,11:56:30,12:28:30,12:51:30,13:20:00,14:04:00,14:33:30,14:58:30,15:26:00,15:52:30,16:16:00,16:45:00,17:10:00,17:31:30,17:50:00,18:06:30,18:18:00,18:32:30,18:59:30,19:17:00,19:30:30,19:47:30,20:05:30,20:19:30,20:46:00,21:00:30,21:23:30,21:46:30,22:19:30,22:53:00,23:10:00,23:40:00,00:10:30,,,,,,,,,,,,,
,,,,,,,,,,,,,,,,,,,,,,,,,,,,,,,,,,,,,,,,,,,,,,,,,,,,,,,,,,,,,,,,,
거제해,06:20:00,06:34:00,06:48:30,07:04:30,07:16:00,07:32:30,07:47:30,08:04:30,08:18:30,08:37:30,08:55:30,09:14:30,09:35:30,09:53:00,        ,10:12:00,10:36:00,        ,11:03:30,11:32:00,11:58:30,12:30:30,12:53:30,13:22:00,14:06:00,14:35:30,15:00:30,15:28:00,15:54:30,16:18:00,16:47:00,17:12:00,17:33:30,17:52:00,18:08:30,18:20:00,18:34:30,19:01:30,19:19:00,19:32:30,19:49:30,20:07:30,20:21:30,20:48:00,21:02:30,21:25:30,21:48:30,22:21:30,22:55:00,23:12:00,23:42:00,00:12:30,,,,,,,,,,,,,
,,,,,,,,,,,,,,,,,,,,,,,,,,,,,,,,,,,,,,,,,,,,,,,,,,,,,,,,,,,,,,,,,
부전  ,06:23:30,06:37:30,06:52:00,07:08:00,07:19:30,07:36:00,07:51:00,08:08:00,08:22:00,08:41:00,08:59:00,09:18:00,09:39:00,09:56:30,        ,10:15:30,10:39:30,        ,11:07:00,11:35:30,12:02:00,12:34:00,12:57:00,13:25:30,14:09:30,14:39:00,15:04:00,15:31:30,15:58:00,16:21:30,16:50:30,17:15:30,17:37:00,17:55:30,18:12:00,18:23:30,18:38:00,19:05:00,19:22:30,19:36:00,19:53:00,20:11:00,20:25:00,20:51:30,21:06:00,21:29:00,21:52:00,22:25:00,22:58:30,23:15:30,23:45:30,00:16:00,,,,,,,,,,,,,
,        ,        ,        ,        ,        ,        ,        ,        ,        ,        ,        ,        ,        ,        ,,        ,        ,,        ,        ,        ,        ,        ,        ,        ,        ,        ,        ,        ,        ,        ,        ,        ,        ,        ,        ,        ,        ,        ,        ,        ,        ,        ,        ,        ,        ,        ,        ,        ,        ,        ,        ,,,,,,,,,,,,,