시발역,부전  ,망양  ,망양  ,부전  ,부전  ,부전  ,부전  ,망양  ,부전  ,부전  ,부전  ,부전  ,부전  ,부전  ,부전  ,부전  ,부전  ,부전  ,부전  ,부전  ,부전  ,부전  ,부전  ,부전  ,부전  ,부전  ,부전  ,부전  ,부전  ,부전  ,부전  ,부전  ,부전  ,부전  ,부전  ,부전  ,부전  ,부전  ,부전  ,부전  ,부전  ,부전  ,부전  ,부전  ,부전  ,부전  ,부전  ,부전  ,,,,
종착역,태화강,태화강,태화강,태화강,태화강,태화강,망양  ,태화강,태화강,태화강,태화강,태화강,태화강,태화강,태화강,태화강,태화강,태화강,태화강,태화강,태화강,태화강,태화강,태화강,태화강,태화강,태화강,태화강,태화강,태화강,망양  ,태화강,태화강,망양  ,태화강,태화강,태화강,태화강,태화강,태화강,태화강,태화강,태화강,태화강,태화강,태화강,태화강,망양  ,,,,
열차번호,K8501,K8651,K8653,K8503,K8505,K8507,K8657,K8655,K8509,K8511,K8513,K8515,K8517,K8519,K8521,K8523,K8525,K8527,K8529,K8531,K8533,K8535,K8537,K8539,K8541,K8543,K8545,K8547,K8549,K8551,K8659,K8553,K8555,K8661,K8557,K8559,K8561,K8563,K8565,K8567,K8569,K8571,K8573,K8575,K8577,K8579,K8581,K8663,,,,
부전  ,5:32:00,,,6:05:00,6:32:00,7:00:00,7:29:00,,7:54:00,8:17:00,8:38:00,9:00:00,9:14:00,9:46:00,10:17:00,10:45:00,11:10:00,11:32:00,11:48:00,12:22:00,12:44:00,13:08:00,13:23:00,14:05:00,14:25:00,14:55:00,15:17:00,15:45:00,16:06:00,16:34:00,16:48:00,17:01:00,17:11:00,17:39:00,18:00:00,18:21:00,18:44:00,19:14:00,19:34:00,19:58:00,20:25:00,21:00:00,21:22:00,21:48:00,22:16:00,22:38:00,22:58:00,23:19:00,        ,        ,        ,        
,,,,,,,,,,,,,,,,,,,,,,,,,,,,,,,,,,,,,,,,,,,,,,,,,,,,
거제해,5:35:00,        ,        ,6:08:00,6:35:00,7:03:00,7:32:00,        ,7:57:00,8:20:00,8:41:00,9:03:00,9:17:00,9:49:00,10:20:00,10:48:00,11:13:00,11:35:00,11:51:00,12:25:00,12:47:00,13:11:00,13:26:00,14:08:00,14:28:00,14:58:00,15:20:00,15:48:00,16:09:00,16:37:00,16:51:00,17:04:00,17:14:00,17:42:00,18:03:00,18:24:00,18:47:00,19:17:00,19:37:00,20:01:00,20:28:00,21:03:00,21:25:00,21:51:00,22:19:00,22:41:00,23:01:00,23:22:00,        ,        ,        ,        
,,,,,,,,,,,,,,,,,,,,,,,,,,,,,,,,,,,,,,,,,,,,,,,,,,,,
거제  ,5:37:00,        ,        ,6:10:00,6:37:00,7:10:30,7:34:00,        ,7:59:00,8:22:00,8:43:00,9:05:00,9:19:00,9:51:00,10:22:00,10:50:00,11:15:00,11:37:00,11:53:00,12:27:00,12:49:00,13:13:00,13:28:00,14:10:00,14:30:00,15:00:00,15:22:00,15:50:00,16:11:00,16:39:00,16:53:00,17:06:00,17:16:00,17:44:00,18:05:00,18:26:00,18:49:00,19:19:00,19:39:00,20:03:00,20:30:00,21:05:00,21:27:00,21:53:00,22:21:00,22:43:00,23:03:00,23:24:00,        ,        ,        ,        
,,,,,,,,,,,,,,,,,,,,,,,,,,,,,,,,,,,,,,,,,,,,,,,,,,,,
부교대,5:38:30,        ,        ,6:11:30,6:38:30,7:12:00,7:35:30,        ,8:00:30,8:23:30,8:44:30,9:06:30,9:20:30,9:52:30,10:23:30,10:51:30,11:16:30,11:38:30,11:54:30,12:28:30,12:50:30,13:14:30,13:29:30,14:11:30,14:31:30,15:01:30,15:23:30,15:51:30,16:12:30,16:40:30,16:54:30,17:07:30,17:17:30,17:45:30,18:06:30,18:27:30,18:50:30,19:20:30,19:40:30,20:04:30,20:31:30,21:06:30,21:28:30,21:54:30,22:22:30,22:44:30,23:04:30,23:25:30,        ,        ,        ,        
,,,,,,,,,,,,,,,,,,,,,,,,,,,,,,,,,,,,,,,,,,,,,,,,,,,,
동래  ,5:41:00,        ,        ,6:14:00,6:41:00,7:14:30,7:38:00,        ,8:03:00,8:26:00,8:47:00,9:09:00,9:23:00,9:55:00,10:26:00,10:54:00,11:19:00,11:41:00,11:57:00,12:31:00,12:53:00,13:17:00,13:32:00,14:14:00,14:34:00,15:04:00,15:26:00,15:54:00,16:15:00,16:43:00,16:57:00,17:10:00,17:20:00,17:48:00,18:09:00,18:30:00,18:53:00,19:23:00,19:43:00,20:07:00,20:34:00,21:09:00,21:31:00,21:57:00,22:25:00,22:47:00,23:07:00,23:28:00,        ,        ,        ,        
,,,,,,,,,,,,,,,,,,,,,,,,,,,,,,,,,,,,,,,,,,,,,,,,,,,,
안락  ,5:43:00,        ,        ,6:16:00,6:43:00,7:16:30,7:40:00,        ,8:10:00,8:28:00,8:49:00,9:11:00,9:25:00,9:57:00,10:28:00,10:56:00,11:21:00,11:43:00,11:59:00,12:33:00,12:55:00,13:19:00,13:39:00,14:16:00,14:36:00,15:06:00,15:28:00,15:56:00,16:17:00,16:45:00,16:59:00,17:12:00,17:22:00,17:50:00,18:11:00,18:32:00,18:55:00,19:25:00,19:49:30,20:09:00,20:36:00,21:11:00,21:33:00,21:59:00,22:27:00,22:49:00,23:09:00,23:30:00,        ,        ,        ,        
,,,,,,,,,,,,,,,,,,,,,,,,,,,,,,,,,,,,,,,,,,,,,,,,,,,,
부산원,5:45:30,        ,        ,6:18:30,6:45:30,7:19:00,7:42:30,        ,8:12:30,8:30:30,8:51:30,9:13:30,9:27:30,9:59:30,10:30:30,10:58:30,11:23:30,11:45:30,12:01:30,12:35:30,12:57:30,13:21:30,13:41:30,14:18:30,14:38:30,15:08:30,15:30:30,15:58:30,16:19:30,16:47:30,17:01:30,17:14:30,17:24:30,17:52:30,18:13:30,18:34:30,18:57:30,19:27:30,19:52:00,20:11:30,20:38:30,21:13:30,21:35:30,22:01:30,22:29:30,22:51:30,23:11:30,23:32:30,        ,        ,        ,        
,,,,,,,,,,,,,,,,,,,,,,,,,,,,,,,,,,,,,,,,,,,,,,,,,,,,
재송  ,5:47:30,        ,        ,6:20:30,6:47:30,7:21:00,7:44:30,        ,8:14:30,8:32:30,8:53:30,9:15:30,9:29:30,10:01:30,10:32:30,11:00:30,11:25:30,11:47:30,12:03:30,12:37:30,12:59:30,13:23:30,13:43:30,14:20:30,14:40:30,15:10:30,15:32:30,16:00:30,16:21:30,16:49:30,17:03:30,17:16:30,17:26:30,17:54:30,18:15:30,18:36:30,18:59:30,19:29:30,19:54:00,20:13:30,20:40:30,21:15:30,21:37:30,22:03:30,22:31:30,22:53:30,23:13:30,23:34:30,        ,        ,        ,        
,,,,,,,,,,,,,,,,,,,,,,,,,,,,,,,,,,,,,,,,,,,,,,,,,,,,
센텀  ,5:49:30,        ,        ,6:22:30,6:49:30,7:23:00,7:46:30,        ,8:16:30,8:34:30,8:55:30,9:17:30,9:31:30,10:03:30,10:34:30,11:02:30,11:27:30,11:49:30,12:05:30,12:39:30,13:01:30,13:25:30,13:45:30,14:22:30,14:42:30,15:12:30,15:34:30,16:02:30,16:23:30,16:51:30,17:05:30,17:18:30,17:28:30,17:56:30,18:17:30,18:38:30,19:01:30,19:31:30,19:56:00,20:15:30,20:42:30,21:17:30,21:39:30,22:05:30,22:33:30,22:55:30,23:15:30,23:36:30,        ,        ,        ,        
,,,,,,,,,,,,,,,,,,,,,,,,,,,,,,,,,,,,,,,,,,,,,,,,,,,,
벡스코,5:52:00,        ,        ,6:25:00,6:52:00,7:25:30,7:49:00,        ,8:19:00,8:37:00,8:58:00,9:20:00,9:34:00,10:06:00,10:37:00,11:05:00,11:30:00,11:52:00,12:08:00,12:42:00,13:04:00,13:28:00,13:48:30,14:25:00,14:45:00,15:15:00,15:37:00,16:05:00,16:26:00,16:54:00,17:08:00,17:21:00,17:31:00,17:59:00,18:20:00,18:41:00,19:04:00,19:34:00,19:58:30,20:18:00,20:45:00,21:20:00,21:42:00,22:08:00,22:36:00,22:58:00,23:18:00,23:39:00,        ,        ,        ,        
,,,,,,,,,,,,,,,,,,,,,,,,,,,,,,,,,,,,,,,,,,,,,,,,,,,,
신해운,5:56:30,        ,        ,6:29:30,6:56:30,7:30:00,7:53:30,        ,8:23:30,8:41:30,9:02:30,9:24:30,9:38:30,10:10:30,10:41:30,11:09:30,11:34:30,11:56:30,12:12:30,12:46:30,13:08:30,13:32:30,13:53:00,14:29:30,14:49:30,15:19:30,15:41:30,16:09:30,16:30:30,16:58:30,17:12:30,17:25:30,17:35:30,18:03:30,18:24:30,18:45:30,19:08:30,19:38:30,20:03:00,20:22:30,20:49:30,21:24:30,21:46:30,22:12:30,22:40:30,23:02:30,23:22:30,23:43:30,        ,        ,        ,        
,,,,,,,,,,,,,,,,,,,,,,,,,,,,,,,,,,,,,,,,,,,,,,,,,,,,
송정  ,6:00:00,        ,        ,6:33:00,7:00:00,7:33:30,7:57:00,        ,8:27:00,8:45:00,9:06:00,9:28:00,9:42:00,10:14:00,10:45:00,11:13:00,11:38:00,12:00:00,12:16:00,12:50:00,13:12:00,13:36:00,13:57:00,14:33:00,14:53:00,15:23:00,15:45:00,16:13:00,16:34:00,17:02:00,17:16:00,17:29:00,17:39:00,18:07:00,18:28:00,18:49:00,19:12:00,19:42:00,20:06:30,20:26:00,20:53:00,21:28:00,21:50:00,22:16:00,22:44:00,23:06:00,23:26:00,23:47:00,        ,        ,        ,        
,,,,,,,,,,,,,,,,,,,,,,,,,,,,,,,,,,,,,,,,,,,,,,,,,,,,
오시리,6:02:00,        ,        ,6:35:00,7:02:00,7:35:30,7:59:00,        ,8:29:00,8:47:00,9:08:00,9:30:00,9:49:30,10:20:30,10:47:00,11:15:00,11:40:00,12:02:00,12:18:00,12:52:00,13:14:00,13:38:00,14:04:30,14:35:00,14:55:00,15:25:00,15:47:00,16:15:00,16:41:30,17:04:00,17:18:00,17:31:00,17:46:00,18:09:00,18:30:00,18:51:00,19:14:00,19:44:00,20:08:30,20:28:00,20:55:00,21:30:00,21:52:00,22:18:00,22:46:00,23:08:00,23:28:00,23:49:00,        ,        ,        ,        
,,,,,,,,,,,,,,,,,,,,,,,,,,,,,,,,,,,,,,,,,,,,,,,,,,,,
기장  ,6:07:30,        ,        ,6:40:30,7:07:30,7:41:00,8:04:30,        ,8:34:30,8:52:30,9:13:30,9:35:30,9:55:30,10:26:00,10:52:30,11:20:30,11:45:30,12:07:30,12:23:30,12:57:30,13:19:30,13:43:30,14:11:00,14:40:30,15:00:30,15:30:30,15:52:30,16:20:30,16:47:00,17:09:30,17:23:30,17:36:30,17:51:30,18:14:30,18:35:30,18:56:30,19:19:30,19:49:30,20:14:00,20:33:30,21:00:30,21:35:30,21:57:30,22:23:30,22:51:30,23:13:30,23:33:30,23:54:30,        ,        ,        ,        
,,,,,,,,,,,,,,,,,,,,,,,,,,,,,,,,,,,,,,,,,,,,,,,,,,,,
일광  ,6:11:00,        ,        ,6:44:00,7:11:00,7:44:30,8:08:00,        ,8:38:00,8:56:00,9:17:00,9:39:00,9:59:30,10:29:30,10:56:00,11:24:00,11:49:00,12:11:00,12:27:00,13:01:00,13:23:00,13:47:00,14:15:30,14:44:00,15:04:00,15:34:00,15:56:00,16:24:00,16:50:30,17:13:00,17:27:00,17:40:00,17:55:00,18:18:00,18:39:00,19:00:00,19:23:00,19:53:00,20:17:30,20:37:00,21:04:00,21:39:00,22:01:00,22:27:00,22:55:00,23:17:00,23:37:00,23:58:00,        ,        ,        ,        
,,,,,,,,,,,,,,,,,,,,,,,,,,,,,,,,,,,,,,,,,,,,,,,,,,,,
좌천  ,6:16:00,        ,        ,6:49:00,7:16:00,7:49:30,8:18:00,        ,8:43:00,9:01:00,9:22:00,9:44:00,10:05:00,10:34:30,11:01:00,11:29:00,11:54:00,12:16:00,12:37:00,13:06:00,13:28:00,13:56:30,14:26:00,14:49:00,15:14:30,15:39:00,16:01:00,16:29:00,16:55:30,17:18:00,17:32:00,17:45:00,18:00:00,18:23:00,18:44:00,19:05:00,19:28:00,19:58:00,20:22:30,20:42:00,21:09:00,21:44:00,22:06:00,22:32:00,23:00:00,23:22:00,23:42:00,00:03:00,        ,        ,        ,        
,,,,,,,,,,,,,,,,,,,,,,,,,,,,,,,,,,,,,,,,,,,,,,,,,,,,
월내  ,6:20:00,        ,        ,6:53:00,7:20:00,7:53:30,8:22:00,        ,8:47:00,9:05:00,9:26:00,9:48:00,10:09:30,10:38:30,11:05:00,11:33:00,11:58:00,12:20:00,12:41:00,13:10:00,13:32:00,14:00:30,14:30:00,14:53:00,15:18:30,15:43:00,16:05:00,16:33:00,16:59:30,17:22:00,17:36:00,17:49:00,18:04:00,18:27:00,18:48:00,19:09:00,19:32:00,20:02:00,20:26:30,20:46:00,21:13:00,21:48:00,22:10:00,22:36:00,23:04:00,23:26:00,23:46:00,00:07:00,        ,        ,        ,        
,,,,,,,,,,,,,,,,,,,,,,,,,,,,,,,,,,,,,,,,,,,,,,,,,,,,
서생  ,6:28:30,        ,        ,6:56:30,7:23:30,7:57:00,8:25:30,        ,8:50:30,9:08:30,9:29:30,9:51:30,10:18:30,10:42:00,11:08:30,11:36:30,12:01:30,12:23:30,12:44:30,13:13:30,13:35:30,14:04:00,14:33:30,14:56:30,15:22:00,15:46:30,16:08:30,16:36:30,17:03:00,17:25:30,17:39:30,17:57:30,18:07:30,18:30:30,18:51:30,19:12:30,19:35:30,20:11:00,20:30:00,20:49:30,21:16:30,21:51:30,22:13:30,22:39:30,23:07:30,23:29:30,23:49:30,00:10:30,        ,        ,        ,        
,,,,,,,,,,,,,,,,,,,,,,,,,,,,,,,,,,,,,,,,,,,,,,,,,,,,
남창  ,6:36:00,        ,        ,7:04:00,7:31:00,8:04:30,8:33:00,        ,8:58:00,9:16:00,9:37:00,9:59:00,10:26:00,10:49:30,11:16:00,11:44:00,12:09:00,12:31:00,12:52:00,13:21:00,13:43:00,14:11:30,14:41:00,15:04:00,15:29:30,15:54:00,16:16:00,16:44:00,17:10:30,17:33:00,17:47:00,18:05:00,18:15:00,18:38:00,18:59:00,19:20:00,19:43:00,20:18:30,20:37:30,20:57:00,21:24:00,21:59:00,22:21:00,22:47:00,23:15:00,23:37:00,23:57:00,00:18:00,        ,        ,        ,        
,,,,,,,,,,,,,,,,,,,,,,,,,,,,,,,,,,,,,,,,,,,,,,,,,,,,
망양  ,6:40:30,6:00:00,6:20:00,7:08:30,7:35:30,8:09:00,8:37:30,7:00:00,9:02:30,9:20:30,9:41:30,10:03:30,10:30:30,10:54:00,11:20:30,11:48:30,12:13:30,12:35:30,12:56:30,13:25:30,13:47:30,14:16:00,14:45:30,15:08:30,15:34:00,15:58:30,16:20:30,16:48:30,17:15:00,17:37:30,17:51:30,18:09:30,18:19:30,18:42:30,19:03:30,19:24:30,19:47:30,20:23:00,20:42:00,21:01:30,21:28:30,22:03:30,22:25:30,22:51:30,23:19:30,23:41:30,0:01:30,00:22:30,        ,        ,        ,        
,,,,,,,,,,,,,,,,,,,,,,,,,,,,,,,,,,,,,,,,,,,,,,,,,,,,
덕하  ,6:45:00,6:04:00,6:24:00,7:13:00,7:40:00,8:13:30,        ,8:04:00,9:07:00,9:25:00,9:46:00,10:08:00,10:35:00,10:58:30,11:25:00,11:53:00,12:18:00,12:40:00,13:01:00,13:30:00,13:52:00,14:20:30,14:50:00,15:13:00,15:38:30,16:03:00,16:25:00,16:53:00,17:19:30,17:42:00,        ,18:14:00,18:24:00,        ,19:08:00,19:29:00,19:57:00,20:27:30,20:46:30,21:06:00,21:33:00,22:08:00,22:30:00,22:56:00,23:24:00,23:46:00,0:06:00,        ,        ,        ,        ,        
,,,,,,,,,,,,,,,,,,,,,,,,,,,,,,,,,,,,,,,,,,,,,,,,,,,,
개운포,6:48:00,6:07:00,6:27:00,7:16:00,7:43:00,8:16:30,        ,8:07:00,9:10:00,9:28:00,9:49:00,10:11:00,10:38:00,11:01:30,11:28:00,11:56:00,12:21:00,12:43:00,13:04:00,13:33:00,13:55:00,14:23:30,14:53:00,15:16:00,15:41:30,16:06:00,16:28:00,16:56:00,17:22:30,17:45:00,        ,18:17:00,18:27:00,        ,19:11:00,19:32:00,20:00:00,20:30:30,20:49:30,21:09:00,21:36:00,22:11:00,22:33:00,22:59:00,23:27:00,23:49:00,0:09:00,        ,        ,        ,        ,        
,,,,,,,,,,,,,,,,,,,,,,,,,,,,,,,,,,,,,,,,,,,,,,,,,,,,
태화강,6:53:00,6:12:00,6:32:00,7:21:00,7:48:00,8:21:30,        ,8:12:00,9:15:00,9:33:00,9:54:00,10:16:00,10:43:00,11:06:30,11:33:00,12:01:00,12:26:00,12:48:00,13:09:00,13:38:00,14:00:00,14:28:30,14:58:00,15:21:00,15:46:30,16:11:00,16:33:00,17:01:00,17:27:30,17:50:00,        ,18:22:00,18:32:00,        ,19:16:00,19:37:00,20:05:00,20:35:30,20:54:30,21:14:00,21:41:00,22:16:00,22:38:00,23:04:00,23:32:00,23:54:00,0:14:00,        ,        ,        ,        ,        
,        ,        ,        ,        ,        ,        ,,        ,        ,        ,        ,        ,        ,        ,        ,        ,        ,        ,        ,        ,        ,        ,        ,        ,        ,        ,        ,        ,        ,        ,,        ,        ,,        ,        ,        ,        ,        ,        ,        ,        ,        ,        ,        ,        ,        ,,,,,
연계열번,K8510,K8506,K8508,K8512,K8514,K8518,G8657,K8516,K8520,K8522,K8524,K8526,K8528,K8530,K8532,K8534,K8536,K8538,K8540,K8542,K8544,K8546,K8548,K8550,K8552,K8554,K8556,K8558,K8560,K8562,W8659,K8564,K8566,G8661,K8568,K8570,K8572,K8574,K8576,K8578,K8580,K8582,K8584,W8575,W8577,K8582,K8584,G8663,,,,
,,,,,,,,,,,,,,,,,,,,,,,,,,,,,,,,,,,,,,,,,,,,,,,,,,,,
,,,,,,,,,,,,,,,,,,,,,,,,,,,,,,,,,,,,,,,,,,,,,,,,,,,,