시발역,망양  ,부전  ,망양  ,부전  ,부전  ,부전  ,부전  ,부전  ,부전  ,부전  ,부전  ,부전  ,부전  ,부전  ,부전  ,부전  ,부전  ,부전  ,부전  ,부전  ,부전  ,부전  ,부전  ,부전  ,부전  ,부전  ,부전  ,부전  ,부전  ,부전  ,부전  ,부전  ,부전  ,부전  ,부전  ,부전  ,부전  ,부전  ,부전  ,부전  ,부전  ,부전  ,부전  ,부전  ,부전  ,부전  ,부전  ,부전  ,부전  ,부전  ,부전  ,부전  ,,,,,,,,,,,,,
종착역,태화강,태화강,태화강,태화강,태화강,태화강,태화강,망양  ,태화강,태화강,태화강,태화강,태화강,태화강,태화강,태화강,망양  ,태화강,태화강,태화강,망양  ,태화강,태화강,태화강,태화강,태화강,태화강,태화강,태화강,태화강,태화강,태화강,태화강,태화강,태화강,태화강,태화강,태화강,태화강,태화강,태화강,태화강,태화강,태화강,태화강,태화강,망양  ,태화강,태화강,태화강,태화강,망양  ,,,,,,,,,,,,,
열차번호,K8651,K8501,K8653,K8503,K8505,K8507,K8509,K8655,K8511,K8513,K8515,K8517,K8519,K8521,K8523,K8525,K8657,K8527,K8529,K8531,K8659,K8533,K8535,K8537,K8539,K8541,K8543,K8545,K8547,K8549,K8551,K8553,K8555,K8557,K8559,K8561,K8563,K8565,K8567,K8569,K8571,K8573,K8575,K8577,K8579,K8581,K8661,K8583,K8585,K8587,K8589,K8663,,,,,,,,,,,,,
부전  ,,5:32:00,,5:56:00,6:14:00,6:32:00,6:47:00,7:06:00,7:17:00,7:34:00,7:54:00,8:10:00,8:25:00,8:42:00,8:57:00,9:12:00,9:21:00,9:46:00,10:11:00,10:31:00,10:53:00,11:20:00,11:48:00,12:22:00,12:43:00,13:08:00,13:52:00,14:25:00,14:54:00,15:20:00,15:50:00,16:07:00,16:30:00,16:53:00,17:12:00,17:29:00,17:52:00,18:08:00,18:29:00,18:50:00,19:14:00,19:34:00,19:59:00,20:14:00,20:31:00,20:47:00,21:10:00,21:32:00,22:02:00,22:34:00,23:00:00,23:26:00,,,        ,        ,        ,        ,        ,        ,        ,        ,        ,        ,        
,,,,,,,,,,,,,,,,,,,,,,,,,,,,,,,,,,,,,,,,,,,,,,,,,,,,,,,,,,,,,,,,,
거제해,        ,5:35:00,        ,5:59:00,6:17:00,6:35:00,6:50:00,7:09:00,7:20:00,7:37:00,7:57:00,8:13:00,8:28:00,8:45:00,9:00:00,9:15:00,9:24:00,9:49:00,10:14:00,10:34:00,10:56:00,11:23:00,11:51:00,12:25:00,12:46:00,13:11:00,13:55:00,14:28:00,14:57:00,15:23:00,15:53:00,16:10:00,16:33:00,16:56:00,17:15:00,17:32:00,17:55:00,18:11:00,18:32:00,18:53:00,19:17:00,19:37:00,20:02:00,20:17:00,20:34:00,20:50:00,21:13:00,21:35:00,22:05:00,22:37:00,23:03:00,23:29:00,,,        ,        ,        ,        ,        ,        ,        ,        ,        ,        ,        
,,,,,,,,,,,,,,,,,,,,,,,,,,,,,,,,,,,,,,,,,,,,,,,,,,,,,,,,,,,,,,,,,
거제  ,        ,5:37:00,        ,6:06:30,6:19:00,6:37:00,6:52:00,7:11:00,7:22:00,7:39:00,7:59:00,8:15:00,8:30:00,8:47:00,9:02:00,9:17:00,9:26:00,9:51:00,10:16:00,10:36:00,10:58:00,11:25:00,11:53:00,12:27:00,12:48:00,13:13:00,13:57:00,14:30:00,14:59:00,15:25:00,15:55:00,16:12:00,16:35:00,16:58:00,17:17:00,17:34:00,17:57:00,18:13:00,18:34:00,18:55:00,19:19:00,19:39:00,20:04:00,20:19:00,20:36:00,20:56:30,21:15:00,21:37:00,22:07:00,22:39:00,23:05:00,23:31:00,,,        ,        ,        ,        ,        ,        ,        ,        ,        ,        ,        
,,,,,,,,,,,,,,,,,,,,,,,,,,,,,,,,,,,,,,,,,,,,,,,,,,,,,,,,,,,,,,,,,
부교대,        ,5:38:30,        ,6:08:00,6:20:30,6:38:30,6:53:30,7:12:30,7:23:30,7:40:30,8:00:30,8:16:30,8:31:30,8:48:30,9:03:30,9:18:30,9:27:30,9:52:30,10:17:30,10:37:30,10:59:30,11:26:30,11:54:30,12:28:30,12:49:30,13:14:30,13:58:30,14:31:30,15:00:30,15:26:30,15:56:30,16:13:30,16:36:30,16:59:30,17:18:30,17:35:30,17:58:30,18:14:30,18:35:30,18:56:30,19:20:30,19:40:30,20:05:30,20:20:30,20:37:30,20:58:00,21:16:30,21:38:30,22:08:30,22:40:30,23:06:30,23:32:30,,,        ,        ,        ,        ,        ,        ,        ,        ,        ,        ,        
,,,,,,,,,,,,,,,,,,,,,,,,,,,,,,,,,,,,,,,,,,,,,,,,,,,,,,,,,,,,,,,,,
동래  ,        ,5:41:00,        ,6:10:30,6:23:00,6:41:00,6:56:00,7:15:00,7:26:00,7:43:00,8:03:00,8:19:00,8:34:00,8:51:00,9:06:00,9:21:00,9:30:00,9:55:00,10:20:00,10:40:00,11:02:00,11:29:00,11:57:00,12:31:00,12:52:00,13:17:00,14:01:00,14:34:00,15:03:00,15:29:00,15:59:00,16:16:00,16:39:00,17:02:00,17:21:00,17:38:00,18:01:00,18:17:00,18:38:00,18:59:00,19:23:00,19:43:00,20:08:00,20:23:00,20:40:00,21:00:30,21:19:00,21:41:00,22:11:00,22:43:00,23:09:00,23:35:00,,,,,,,,,,,,,
,,,,,,,,,,,,,,,,,,,,,,,,,,,,,,,,,,,,,,,,,,,,,,,,,,,,,,,,,,,,,,,,,
안락  ,        ,5:43:00,        ,6:12:30,6:25:00,6:43:00,6:58:00,7:17:00,7:28:00,7:45:00,8:09:30,8:21:00,8:36:00,8:53:00,9:08:00,9:23:00,9:36:30,9:57:00,10:22:00,10:42:00,11:04:00,11:31:00,11:59:00,12:33:00,12:54:00,13:19:00,14:07:30,14:36:00,15:05:00,15:31:00,16:01:00,16:18:00,16:41:00,17:04:00,17:23:00,17:45:30,18:03:00,18:19:00,18:40:00,19:01:00,19:25:00,19:49:30,20:10:00,20:25:00,20:42:00,21:02:30,21:21:00,21:43:00,22:13:00,22:45:00,23:11:00,23:37:00,,,,,,,,,,,,,
,,,,,,,,,,,,,,,,,,,,,,,,,,,,,,,,,,,,,,,,,,,,,,,,,,,,,,,,,,,,,,,,,
부산원,        ,5:45:30,        ,6:15:00,6:27:30,6:45:30,7:00:30,7:19:30,7:30:30,7:47:30,8:12:00,8:23:30,8:38:30,8:55:30,9:10:30,9:25:30,9:39:00,9:59:30,10:24:30,10:44:30,11:06:30,11:33:30,12:01:30,12:35:30,12:56:30,13:21:30,14:10:00,14:38:30,15:07:30,15:33:30,16:03:30,16:20:30,16:43:30,17:06:30,17:25:30,17:48:00,18:05:30,18:21:30,18:42:30,19:03:30,19:27:30,19:52:00,20:12:30,20:27:30,20:44:30,21:05:00,21:23:30,21:45:30,22:15:30,22:47:30,23:13:30,23:39:30,,,,,,,,,,,,,
,,,,,,,,,,,,,,,,,,,,,,,,,,,,,,,,,,,,,,,,,,,,,,,,,,,,,,,,,,,,,,,,,
재송  ,        ,5:47:30,        ,6:17:00,6:29:30,6:47:30,7:02:30,7:21:30,7:32:30,7:49:30,8:14:00,8:25:30,8:40:30,8:57:30,9:12:30,9:27:30,9:41:00,10:01:30,10:26:30,10:46:30,11:08:30,11:35:30,12:03:30,12:37:30,12:58:30,13:23:30,14:12:00,14:40:30,15:09:30,15:35:30,16:05:30,16:22:30,16:45:30,17:08:30,17:27:30,17:50:00,18:07:30,18:23:30,18:44:30,19:05:30,19:29:30,19:54:00,20:14:30,20:29:30,20:46:30,21:07:00,21:25:30,21:47:30,22:17:30,22:49:30,23:15:30,23:41:30,,,,,,,,,,,,,
,,,,,,,,,,,,,,,,,,,,,,,,,,,,,,,,,,,,,,,,,,,,,,,,,,,,,,,,,,,,,,,,,
센텀  ,        ,5:49:30,        ,6:19:00,6:31:30,6:49:30,7:04:30,7:23:30,7:34:30,7:51:30,8:16:00,8:27:30,8:42:30,8:59:30,9:14:30,9:29:30,9:43:00,10:03:30,10:28:30,10:48:30,11:10:30,11:37:30,12:05:30,12:39:30,13:00:30,13:25:30,14:14:00,14:42:30,15:11:30,15:37:30,16:07:30,16:24:30,16:47:30,17:10:30,17:29:30,17:52:00,18:09:30,18:25:30,18:46:30,19:07:30,19:31:30,19:56:00,20:16:30,20:31:30,20:48:30,21:09:00,21:27:30,21:49:30,22:19:30,22:51:30,23:17:30,23:43:30,,,,,,,,,,,,,
,,,,,,,,,,,,,,,,,,,,,,,,,,,,,,,,,,,,,,,,,,,,,,,,,,,,,,,,,,,,,,,,,
벡스코,        ,5:52:00,        ,6:21:30,6:34:00,6:52:00,7:07:00,7:26:00,7:37:00,7:54:00,8:18:30,8:30:00,8:45:00,9:02:00,9:17:00,9:32:00,9:45:30,10:06:00,10:31:00,10:51:00,11:13:00,11:40:00,12:08:00,12:42:00,13:03:00,13:28:00,14:16:30,14:45:00,15:14:00,15:40:00,16:10:00,16:27:00,16:50:00,17:13:00,17:32:00,17:54:30,18:12:00,18:28:00,18:49:00,19:10:00,19:34:00,19:58:30,20:19:00,20:34:00,20:51:00,21:11:30,21:30:00,21:52:00,22:22:00,22:54:00,23:20:00,23:46:00,,,,,,,,,,,,,
,,,,,,,,,,,,,,,,,,,,,,,,,,,,,,,,,,,,,,,,,,,,,,,,,,,,,,,,,,,,,,,,,
신해운,        ,5:56:30,        ,6:26:00,6:38:30,6:56:30,7:11:30,7:30:30,7:41:30,7:58:30,8:23:00,8:34:30,8:49:30,9:06:30,9:21:30,9:36:30,9:50:00,10:10:30,10:35:30,10:55:30,11:17:30,11:44:30,12:12:30,12:46:30,13:07:30,13:32:30,14:21:00,14:49:30,15:18:30,15:44:30,16:14:30,16:31:30,16:54:30,17:17:30,17:36:30,17:59:00,18:16:30,18:32:30,18:53:30,19:14:30,19:38:30,20:03:00,20:23:30,20:38:30,20:55:30,21:16:00,21:34:30,21:56:30,22:26:30,22:58:30,23:24:30,23:50:30,,,,,,,,,,,,,
,,,,,,,,,,,,,,,,,,,,,,,,,,,,,,,,,,,,,,,,,,,,,,,,,,,,,,,,,,,,,,,,,
송정  ,        ,6:00:00,        ,6:29:30,6:42:00,7:00:00,7:15:00,7:34:00,7:45:00,8:02:00,8:26:30,8:38:00,8:53:00,9:10:00,9:25:00,9:40:00,9:53:30,10:14:00,10:39:00,10:59:00,11:21:00,11:48:00,12:16:00,12:50:00,13:11:00,13:36:00,14:24:30,14:53:00,15:22:00,15:48:00,16:18:00,16:35:00,16:58:00,17:21:00,17:40:00,18:02:30,18:20:00,18:36:00,18:57:00,19:18:00,19:42:00,20:06:30,20:27:00,20:42:00,20:59:00,21:19:30,21:38:00,22:00:00,22:30:00,23:02:00,23:28:00,23:54:00,,,,,,,,,,,,,
,,,,,,,,,,,,,,,,,,,,,,,,,,,,,,,,,,,,,,,,,,,,,,,,,,,,,,,,,,,,,,,,,
오시리,        ,6:02:00,        ,6:31:30,6:44:00,7:02:00,7:17:00,7:36:00,7:47:00,8:08:30,8:28:30,8:40:00,8:55:00,9:12:00,9:27:00,9:42:00,10:00:30,10:20:30,10:41:00,11:01:00,11:23:00,11:50:00,12:18:00,12:52:00,13:13:00,13:38:00,14:26:30,14:55:00,15:24:00,15:50:00,16:20:00,16:41:30,17:00:00,17:23:00,17:42:00,18:04:30,18:22:00,18:38:00,18:59:00,19:20:00,19:44:00,20:08:30,20:29:00,20:44:00,21:01:00,21:21:30,21:40:00,22:02:00,22:32:00,23:04:00,23:30:00,23:56:00,,,,,,,,,,,,,
,,,,,,,,,,,,,,,,,,,,,,,,,,,,,,,,,,,,,,,,,,,,,,,,,,,,,,,,,,,,,,,,,
기장  ,        ,6:07:30,        ,6:37:00,6:49:30,7:07:30,7:22:30,7:41:30,7:52:30,8:14:30,8:34:00,8:45:30,9:00:30,9:17:30,9:32:30,9:47:30,10:06:00,10:26:00,10:46:30,11:06:30,11:28:30,11:55:30,12:23:30,12:57:30,13:18:30,13:43:30,14:32:00,15:00:30,15:29:30,15:55:30,16:25:30,16:47:00,17:05:30,17:28:30,17:47:30,18:10:00,18:27:30,18:43:30,19:04:30,19:25:30,19:49:30,20:14:00,20:34:30,20:49:30,21:06:30,21:27:00,21:45:30,22:07:30,22:37:30,23:09:30,23:35:30,0:01:30,,,,,,,,,,,,,
,,,,,,,,,,,,,,,,,,,,,,,,,,,,,,,,,,,,,,,,,,,,,,,,,,,,,,,,,,,,,,,,,
일광  ,        ,6:11:00,        ,6:40:30,6:53:00,7:11:00,7:26:00,7:45:00,7:56:00,8:18:30,8:37:30,8:49:00,9:04:00,9:21:00,9:36:00,9:51:00,10:09:30,10:29:30,10:50:00,11:10:00,11:32:00,11:59:00,12:27:00,13:01:00,13:22:00,13:47:00,14:35:30,15:04:00,15:33:00,15:59:00,16:29:00,16:50:30,17:09:00,17:32:00,17:51:00,18:13:30,18:31:00,18:47:00,19:08:00,19:29:00,19:53:00,20:17:30,20:38:00,20:53:00,21:10:00,21:30:30,21:49:00,22:11:00,22:41:00,23:13:00,23:39:00,0:05:00,,,,,,,,,,,,,
,,,,,,,,,,,,,,,,,,,,,,,,,,,,,,,,,,,,,,,,,,,,,,,,,,,,,,,,,,,,,,,,,
좌천  ,        ,6:16:00,        ,6:45:30,6:58:00,7:16:00,7:31:00,7:50:00,8:01:00,8:24:00,8:42:30,8:54:00,9:09:00,9:26:00,9:41:00,9:56:00,10:14:30,10:34:30,10:55:00,11:15:00,11:37:00,12:04:00,12:36:30,13:06:00,13:27:00,13:56:30,14:40:30,15:13:30,15:38:00,16:04:00,16:34:00,16:55:30,17:14:00,17:37:00,17:56:00,18:18:30,18:36:00,18:52:00,19:13:00,19:34:00,19:58:00,20:22:30,20:43:00,20:58:00,21:15:00,21:35:30,21:54:00,22:16:00,22:46:00,23:18:00,23:44:00,0:10:00,,,,,,,,,,,,,
,,,,,,,,,,,,,,,,,,,,,,,,,,,,,,,,,,,,,,,,,,,,,,,,,,,,,,,,,,,,,,,,,
월내  ,        ,6:20:00,        ,6:49:30,7:02:00,7:20:00,7:35:00,7:54:00,8:05:00,8:28:30,8:46:30,8:58:00,9:13:00,9:30:00,9:45:00,10:00:00,10:18:30,10:38:30,10:59:00,11:19:00,11:41:00,12:08:00,12:40:30,13:10:00,13:31:00,14:00:30,14:44:30,15:17:30,15:42:00,16:08:00,16:38:00,16:59:30,17:18:00,17:41:00,18:00:00,18:22:30,18:40:00,18:56:00,19:17:00,19:38:00,20:02:00,20:26:30,20:47:00,21:02:00,21:19:00,21:39:30,21:58:00,22:20:00,22:50:00,23:22:00,23:48:00,0:14:00,,,,,,,,,,,,,
,,,,,,,,,,,,,,,,,,,,,,,,,,,,,,,,,,,,,,,,,,,,,,,,,,,,,,,,,,,,,,,,,
서생  ,        ,6:28:30,        ,6:53:00,7:05:30,7:23:30,7:38:30,7:57:30,8:08:30,8:36:30,8:50:00,9:01:30,9:16:30,9:33:30,9:48:30,10:08:00,10:22:00,10:42:00,11:02:30,11:22:30,11:49:00,12:11:30,12:44:00,13:13:30,13:34:30,14:04:00,14:48:00,15:21:00,15:45:30,16:17:00,16:41:30,17:03:00,17:21:30,17:44:30,18:03:30,18:26:00,18:43:30,18:59:30,19:20:30,19:46:00,20:10:30,20:30:00,20:50:30,21:05:30,21:22:30,21:43:00,22:01:30,22:23:30,22:53:30,23:25:30,23:51:30,0:17:30,,,,,,,,,,,,,
,,,,,,,,,,,,,,,,,,,,,,,,,,,,,,,,,,,,,,,,,,,,,,,,,,,,,,,,,,,,,,,,,
남창  ,        ,6:36:00,        ,7:00:30,7:13:00,7:31:00,7:46:00,8:05:00,8:16:00,8:44:00,8:57:30,9:09:00,9:24:00,9:41:00,9:56:00,10:15:30,10:29:30,10:49:30,11:10:00,11:30:00,11:56:30,12:19:00,12:51:30,13:21:00,13:42:00,14:11:30,14:55:30,15:28:30,15:53:00,16:24:30,16:49:00,17:10:30,17:29:00,17:52:00,18:11:00,18:33:30,18:51:00,19:07:00,19:28:00,19:53:30,20:18:00,20:37:30,20:58:00,21:13:00,21:30:00,21:50:30,22:09:00,22:31:00,23:01:00,23:33:00,23:59:00,0:25:00,,,,,,,,,,,,,
,,,,,,,,,,,,,,,,,,,,,,,,,,,,,,,,,,,,,,,,,,,,,,,,,,,,,,,,,,,,,,,,,
망양  ,4:50:00,6:40:30,5:10:00,7:05:00,7:17:30,7:35:30,7:50:30,8:09:30,8:20:30,8:48:30,9:02:00,9:13:30,9:28:30,9:45:30,10:00:30,10:20:00,10:34:00,10:54:00,11:14:30,11:34:30,12:01:00,12:23:30,12:56:00,13:25:30,13:46:30,14:16:00,15:00:00,15:33:00,15:57:30,16:29:00,16:53:30,17:15:00,17:33:30,17:56:30,18:15:30,18:38:00,18:55:30,19:11:30,19:32:30,19:58:00,20:22:30,20:42:00,21:02:30,21:17:30,21:34:30,21:55:00,22:13:30,22:35:30,23:05:30,23:37:30,0:03:30,0:29:30,,,,,,,,,,,,,
,,,,,,,,,,,,,,,,,,,,,,,,,,,,,,,,,,,,,,,,,,,,,,,,,,,,,,,,,,,,,,,,,
덕하  ,5:54:00,6:45:00,6:14:00,7:09:30,7:22:00,7:40:00,7:55:00,        ,8:29:30,8:53:00,9:06:30,9:18:00,9:33:00,9:50:00,10:05:00,10:24:30,        ,10:58:30,11:19:00,11:39:00,        ,12:28:00,13:00:30,13:30:00,13:51:00,14:20:30,15:04:30,15:37:30,16:02:00,16:33:30,17:03:00,17:19:30,17:38:00,18:01:00,18:20:00,18:42:30,19:00:00,19:16:00,19:37:00,20:02:30,20:27:00,20:46:30,21:07:00,21:22:00,21:39:00,21:59:30,        ,22:40:00,23:10:00,23:42:00,0:08:00,        ,,,,,,,,,,,,,
,,,,,,,,,,,,,,,,,,,,,,,,,,,,,,,,,,,,,,,,,,,,,,,,,,,,,,,,,,,,,,,,,
개운포,5:57:00,6:48:00,6:17:00,7:12:30,7:25:00,7:43:00,7:58:00,        ,8:32:30,8:56:00,9:09:30,9:21:00,9:36:00,9:53:00,10:08:00,10:27:30,        ,11:01:30,11:22:00,11:42:00,        ,12:31:00,13:03:30,13:33:00,13:54:00,14:23:30,15:07:30,15:40:30,16:05:00,16:36:30,17:06:00,17:22:30,17:41:00,18:04:00,18:23:00,18:45:30,19:03:00,19:19:00,19:40:00,20:05:30,20:30:00,20:49:30,21:10:00,21:25:00,21:42:00,22:02:30,        ,22:43:00,23:13:00,23:45:00,0:11:00,        ,,,,,,,,,,,,,
,,,,,,,,,,,,,,,,,,,,,,,,,,,,,,,,,,,,,,,,,,,,,,,,,,,,,,,,,,,,,,,,,
태화강,6:02:00,6:53:00,6:22:00,7:17:30,7:30:00,7:48:00,8:03:00,        ,8:37:30,9:01:00,9:14:30,9:26:00,9:41:00,9:58:00,10:13:00,10:32:30,        ,11:06:30,11:27:00,11:47:00,        ,12:36:00,13:08:30,13:38:00,13:59:00,14:28:30,15:12:30,15:45:30,16:10:00,16:41:30,17:11:00,17:27:30,17:46:00,18:09:00,18:28:00,18:50:30,19:08:00,19:24:00,19:45:00,20:10:30,20:35:00,20:54:30,21:15:00,21:30:00,21:47:00,22:07:30,        ,22:48:00,23:18:00,23:50:00,0:16:00,        ,,,,,,,,,,,,,
,        ,        ,        ,        ,        ,        ,        ,,        ,        ,        ,        ,        ,        ,        ,        ,,        ,        ,        ,,        ,        ,        ,        ,        ,        ,        ,        ,        ,        ,        ,        ,        ,        ,        ,        ,        ,        ,        ,        ,        ,        ,        ,        ,        ,,        ,        ,        ,        ,,,,,,,,,,,,,,
연계열번,K8506,K8512,K8508,K8514,K8516,K8518,K8520,G8655,K8662,K8524,K8664,K8528,K8526,K8528,W8523,K8530,G8657,K8532,K8534,K8536,G8659,K8538,K8540,K8542,K8544,K8546,K8548,K8550,K8552,K8554,K8556,K8558,K8560,K8562,K8566,K8568,Q8563,K8572,K8574,K8576,W8571,K8578,K8580,Q8577,K8582,K8584,G8661,K8586,K8672,,,G8663,,,,,,,,,,,,,