,1002,1004,1006,1008,1010,1012,1014,1016,1018,1020,1022,1024,1026,1028,1030,1032,1034,1036,1038,1040,1042,1044,1046,1048,1050,1052,1054,1056,1058,1060,1062,1064,1066,1068,1070,1072,1074,1076,1078,1080,1082,1084,1086,1088,1090,1092,1094,1096,1098,1100,1102,1104,1106,1108,1110,1112,1114,1116,1118,1120,1122,1124,1126,1128,1130,1132,1134,1136,1138,1140,1142,1144,1146,1148,1150,1152,1154,1156,1158,1160,1162,1164,1166,1168,1170,1172,1174,1176,1178,1180,1182,1184,1186,1188,1190,1192,1194,1196,1198,1200,1202,1204,1206,1208,1210,1212,1214,1216,1218
반석,,,05:30,05:45,06:00,06:12,06:24,06:36,06:48,07:00,07:12,07:24,07:36,07:48,08:00,08:10,08:20,08:30,08:40,08:50,09:00,09:10,09:20,09:30,09:40,09:50,10:00,10:10,10:20,10:30,10:40,10:50,11:00,11:10,11:20,11:30,11:40,11:50,12:00,12:10,12:20,12:30,12:40,12:50,13:00,13:10,13:20,13:30,13:40,13:50,14:00,14:10,14:20,14:30,14:40,14:50,15:00,15:10,15:20,15:30,15:40,15:50,16:00,16:10,16:20,16:30,16:40,16:50,17:00,17:08,17:16,17:24,17:32,17:40,17:48,17:56,18:04,18:12,18:20,18:28,18:36,18:44,18:52,19:00,19:10,19:20,19:30,19:40,19:50,20:00,20:10,20:20,20:30,20:40,20:50,21:00,21:12,21:24,21:36,21:48,22:00,22:12,22:24,22:36,22:50,23:05,23:20,23:32,23:42
지족,,,05:32,05:47,06:02,06:14,06:26,06:38,06:50,07:02,07:14,07:26,07:38,07:50,08:02,08:12,08:22,08:32,08:42,08:52,09:02,09:12,09:22,09:32,09:42,09:52,10:02,10:12,10:22,10:32,10:42,10:52,11:02,11:12,11:22,11:32,11:42,11:52,12:02,12:12,12:22,12:32,12:42,12:52,13:02,13:12,13:22,13:32,13:42,13:52,14:02,14:12,14:22,14:32,14:42,14:52,15:02,15:12,15:22,15:32,15:42,15:52,16:02,16:12,16:22,16:32,16:42,16:52,17:02,17:10,17:18,17:26,17:34,17:42,17:50,17:58,18:06,18:14,18:22,18:30,18:38,18:46,18:54,19:02,19:12,19:22,19:32,19:42,19:52,20:02,20:12,20:22,20:32,20:42,20:52,21:02,21:14,21:26,21:38,21:50,22:02,22:14,22:26,22:38,22:52,23:07,23:22,23:34,23:44
노은,,,05:34,05:49,06:04,06:16,06:28,06:40,06:52,07:04,07:16,07:28,07:40,07:52,08:04,08:14,08:24,08:34,08:44,08:54,09:04,09:14,09:24,09:34,09:44,09:54,10:04,10:14,10:24,10:34,10:44,10:54,11:04,11:14,11:24,11:34,11:44,11:54,12:04,12:14,12:24,12:34,12:44,12:54,13:04,13:14,13:24,13:34,13:44,13:54,14:04,14:14,14:24,14:34,14:44,14:54,15:04,15:14,15:24,15:34,15:44,15:54,16:04,16:14,16:24,16:34,16:44,16:54,17:04,17:12,17:20,17:28,17:36,17:44,17:52,18:00,18:08,18:16,18:24,18:32,18:40,18:48,18:56,19:04,19:14,19:24,19:34,19:44,19:54,20:04,20:14,20:24,20:34,20:44,20:54,21:04,21:16,21:28,21:40,21:52,22:04,22:16,22:28,22:40,22:54,23:09,23:24,23:36,23:46
월드컵경기장,,,05:35,05:50,06:05,06:17,06:29,06:41,06:53,07:05,07:17,07:29,07:41,07:53,08:05,08:15,08:25,08:35,08:45,08:55,09:05,09:15,09:25,09:35,09:45,09:55,10:05,10:15,10:25,10:35,10:45,10:55,11:05,11:15,11:25,11:35,11:45,11:55,12:05,12:15,12:25,12:35,12:45,12:55,13:05,13:15,13:25,13:35,13:45,13:55,14:05,14:15,14:25,14:35,14:45,14:55,15:05,15:15,15:25,15:35,15:45,15:55,16:05,16:15,16:25,16:35,16:45,16:55,17:05,17:13,17:21,17:29,17:37,17:45,17:53,18:01,18:09,18:17,18:25,18:33,18:41,18:49,18:57,19:05,19:15,19:25,19:35,19:45,19:55,20:05,20:15,20:25,20:35,20:45,20:55,21:05,21:17,21:29,21:41,21:53,22:05,22:17,22:29,22:41,22:55,23:10,23:25,23:37,23:47
현충원,,,05:37,05:52,06:07,06:19,06:31,06:43,06:55,07:07,07:19,07:31,07:43,07:55,08:07,08:17,08:27,08:37,08:47,08:57,09:07,09:17,09:27,09:37,09:47,09:57,10:07,10:17,10:27,10:37,10:47,10:57,11:07,11:17,11:27,11:37,11:47,11:57,12:07,12:17,12:27,12:37,12:47,12:57,13:07,13:17,13:27,13:37,13:47,13:57,14:07,14:17,14:27,14:37,14:47,14:57,15:07,15:17,15:27,15:37,15:47,15:57,16:07,16:17,16:27,16:37,16:47,16:57,17:07,17:15,17:23,17:31,17:39,17:47,17:55,18:03,18:11,18:19,18:27,18:35,18:43,18:51,18:59,19:07,19:17,19:27,19:37,19:47,19:57,20:07,20:17,20:27,20:37,20:47,20:57,21:07,21:19,21:31,21:43,21:55,22:07,22:19,22:31,22:43,22:57,23:12,23:27,23:39,23:49
구암,,05:30,05:39,05:54,06:09,06:21,06:33,06:45,06:57,07:09,07:21,07:33,07:45,07:57,08:09,08:19,08:29,08:39,08:49,08:59,09:09,09:19,09:29,09:39,09:49,09:59,10:09,10:19,10:29,10:39,10:49,10:59,11:09,11:19,11:29,11:39,11:49,11:59,12:09,12:19,12:29,12:39,12:49,12:59,13:09,13:19,13:29,13:39,13:49,13:59,14:09,14:19,14:29,14:39,14:49,14:59,15:09,15:19,15:29,15:39,15:49,15:59,16:09,16:19,16:29,16:39,16:49,16:59,17:09,17:17,17:25,17:33,17:41,17:49,17:57,18:05,18:13,18:21,18:29,18:37,18:45,18:53,19:01,19:09,19:19,19:29,19:39,19:49,19:59,20:09,20:19,20:29,20:39,20:49,20:59,21:09,21:21,21:33,21:45,21:57,22:09,22:21,22:33,22:45,22:59,23:14,23:29,23:41,23:51
유성온천,,05:32,05:41,05:56,06:11,06:23,06:35,06:47,06:59,07:11,07:23,07:35,07:47,07:59,08:11,08:21,08:31,08:41,08:51,09:01,09:11,09:21,09:31,09:41,09:51,10:01,10:11,10:21,10:31,10:41,10:51,11:01,11:11,11:21,11:31,11:41,11:51,12:01,12:11,12:21,12:31,12:41,12:51,13:01,13:11,13:21,13:31,13:41,13:51,14:01,14:11,14:21,14:31,14:41,14:51,15:01,15:11,15:21,15:31,15:41,15:51,16:01,16:11,16:21,16:31,16:41,16:51,17:01,17:11,17:19,17:27,17:35,17:43,17:51,17:59,18:07,18:15,18:23,18:31,18:39,18:47,18:55,19:03,19:11,19:21,19:31,19:41,19:51,20:01,20:11,20:21,20:31,20:41,20:51,21:01,21:11,21:23,21:35,21:47,21:59,22:11,22:23,22:35,22:47,23:01,23:16,23:31,23:43,23:53
갑천,,05:34,05:43,05:58,06:13,06:25,06:37,06:49,07:01,07:13,07:25,07:37,07:49,08:01,08:13,08:23,08:33,08:43,08:53,09:03,09:13,09:23,09:33,09:43,09:53,10:03,10:13,10:23,10:33,10:43,10:53,11:03,11:13,11:23,11:33,11:43,11:53,12:03,12:13,12:23,12:33,12:43,12:53,13:03,13:13,13:23,13:33,13:43,13:53,14:03,14:13,14:23,14:33,14:43,14:53,15:03,15:13,15:23,15:33,15:43,15:53,16:03,16:13,16:23,16:33,16:43,16:53,17:03,17:13,17:21,17:29,17:37,17:45,17:53,18:01,18:09,18:17,18:25,18:33,18:41,18:49,18:57,19:05,19:13,19:23,19:33,19:43,19:53,20:03,20:13,20:23,20:33,20:43,20:53,21:03,21:13,21:25,21:37,21:49,22:01,22:13,22:25,22:37,22:49,23:03,23:18,23:33,23:45,23:55
월평,,05:36,05:45,06:00,06:15,06:27,06:39,06:51,07:03,07:15,07:27,07:39,07:51,08:03,08:15,08:25,08:35,08:45,08:55,09:05,09:15,09:25,09:35,09:45,09:55,10:05,10:15,10:25,10:35,10:45,10:55,11:05,11:15,11:25,11:35,11:45,11:55,12:05,12:15,12:25,12:35,12:45,12:55,13:05,13:15,13:25,13:35,13:45,13:55,14:05,14:15,14:25,14:35,14:45,14:55,15:05,15:15,15:25,15:35,15:45,15:55,16:05,16:15,16:25,16:35,16:45,16:55,17:05,17:15,17:23,17:31,17:39,17:47,17:55,18:03,18:11,18:19,18:27,18:35,18:43,18:51,18:59,19:07,19:15,19:25,19:35,19:45,19:55,20:05,20:15,20:25,20:35,20:45,20:55,21:05,21:15,21:27,21:39,21:51,22:03,22:15,22:27,22:39,22:51,23:05,23:20,23:35,23:47,23:57
갈마,,05:37,05:46,06:01,06:16,06:28,06:40,06:52,07:04,07:16,07:28,07:40,07:52,08:04,08:16,08:26,08:36,08:46,08:56,09:06,09:16,09:26,09:36,09:46,09:56,10:06,10:16,10:26,10:36,10:46,10:56,11:06,11:16,11:26,11:36,11:46,11:56,12:06,12:16,12:26,12:36,12:46,12:56,13:06,13:16,13:26,13:36,13:46,13:56,14:06,14:16,14:26,14:36,14:46,14:56,15:06,15:16,15:26,15:36,15:46,15:56,16:06,16:16,16:26,16:36,16:46,16:56,17:06,17:16,17:24,17:32,17:40,17:48,17:56,18:04,18:12,18:20,18:28,18:36,18:44,18:52,19:00,19:08,19:16,19:26,19:36,19:46,19:56,20:06,20:16,20:26,20:36,20:46,20:56,21:06,21:16,21:28,21:40,21:52,22:04,22:16,22:28,22:40,22:52,23:06,23:21,23:36,23:48,23:58
정부청사,05:30,05:39,05:48,06:03,06:18,06:30,06:42,06:54,07:06,07:18,07:30,07:42,07:54,08:06,08:18,08:28,08:38,08:48,08:58,09:08,09:18,09:28,09:38,09:48,09:58,10:08,10:18,10:28,10:38,10:48,10:58,11:08,11:18,11:28,11:38,11:48,11:58,12:08,12:18,12:28,12:38,12:48,12:58,13:08,13:18,13:28,13:38,13:48,13:58,14:08,14:18,14:28,14:38,14:48,14:58,15:08,15:18,15:28,15:38,15:48,15:58,16:08,16:18,16:28,16:38,16:48,16:58,17:08,17:18,17:26,17:34,17:42,17:50,17:58,18:06,18:14,18:22,18:30,18:38,18:46,18:54,19:02,19:10,19:18,19:28,19:38,19:48,19:58,20:08,20:18,20:28,20:38,20:48,20:58,21:08,21:18,21:30,21:42,21:54,22:06,22:18,22:30,22:42,22:54,23:08,23:23,23:38,23:50,24:00
시청,05:32,05:41,05:50,06:05,06:20,06:32,06:44,06:56,07:08,07:20,07:32,07:44,07:56,08:08,08:20,08:30,08:40,08:50,09:00,09:10,09:20,09:30,09:40,09:50,10:00,10:10,10:20,10:30,10:40,10:50,11:00,11:10,11:20,11:30,11:40,11:50,12:00,12:10,12:20,12:30,12:40,12:50,13:00,13:10,13:20,13:30,13:40,13:50,14:00,14:10,14:20,14:30,14:40,14:50,15:00,15:10,15:20,15:30,15:40,15:50,16:00,16:10,16:20,16:30,16:40,16:50,17:00,17:10,17:20,17:28,17:36,17:44,17:52,18:00,18:08,18:16,18:24,18:32,18:40,18:48,18:56,19:04,19:12,19:20,19:30,19:40,19:50,20:00,20:10,20:20,20:30,20:40,20:50,21:00,21:10,21:20,21:32,21:44,21:56,22:08,22:20,22:32,22:44,22:56,23:10,23:25,23:40,23:52,
탄방,05:33,05:43,05:52,06:07,06:22,06:34,06:46,06:58,07:10,07:22,07:34,07:46,07:58,08:10,08:22,08:32,08:42,08:52,09:02,09:12,09:22,09:32,09:42,09:52,10:02,10:12,10:22,10:32,10:42,10:52,11:02,11:12,11:22,11:32,11:42,11:52,12:02,12:12,12:22,12:32,12:42,12:52,13:02,13:12,13:22,13:32,13:42,13:52,14:02,14:12,14:22,14:32,14:42,14:52,15:02,15:12,15:22,15:32,15:42,15:52,16:02,16:12,16:22,16:32,16:42,16:52,17:02,17:12,17:22,17:30,17:38,17:46,17:54,18:02,18:10,18:18,18:26,18:34,18:42,18:50,18:58,19:06,19:14,19:22,19:32,19:42,19:52,20:02,20:12,20:22,20:32,20:42,20:52,21:02,21:12,21:22,21:34,21:46,21:58,22:10,22:22,22:34,22:46,22:58,23:12,23:27,23:42,23:54,
용문,05:36,05:45,05:54,06:09,06:24,06:36,06:48,07:00,07:12,07:24,07:36,07:48,08:00,08:12,08:24,08:34,08:44,08:54,09:04,09:14,09:24,09:34,09:44,09:54,10:04,10:14,10:24,10:34,10:44,10:54,11:04,11:14,11:24,11:34,11:44,11:54,12:04,12:14,12:24,12:34,12:44,12:54,13:04,13:14,13:24,13:34,13:44,13:54,14:04,14:14,14:24,14:34,14:44,14:54,15:04,15:14,15:24,15:34,15:44,15:54,16:04,16:14,16:24,16:34,16:44,16:54,17:04,17:14,17:24,17:32,17:40,17:48,17:56,18:04,18:12,18:20,18:28,18:36,18:44,18:52,19:00,19:08,19:16,19:24,19:34,19:44,19:54,20:04,20:14,20:24,20:34,20:44,20:54,21:04,21:14,21:24,21:36,21:48,22:00,22:12,22:24,22:36,22:48,23:00,23:14,23:29,23:44,23:56,
오룡,05:38,05:47,05:56,06:11,06:26,06:38,06:50,07:02,07:14,07:26,07:38,07:50,08:02,08:14,08:26,08:36,08:46,08:56,09:06,09:16,09:26,09:36,09:46,09:56,10:06,10:16,10:26,10:36,10:46,10:56,11:06,11:16,11:26,11:36,11:46,11:56,12:06,12:16,12:26,12:36,12:46,12:56,13:06,13:16,13:26,13:36,13:46,13:56,14:06,14:16,14:26,14:36,14:46,14:56,15:06,15:16,15:26,15:36,15:46,15:56,16:06,16:16,16:26,16:36,16:46,16:56,17:06,17:16,17:26,17:34,17:42,17:50,17:58,18:06,18:14,18:22,18:30,18:38,18:46,18:54,19:02,19:10,19:18,19:26,19:36,19:46,19:56,20:06,20:16,20:26,20:36,20:46,20:56,21:06,21:16,21:26,21:38,21:50,22:02,22:14,22:26,22:38,22:50,23:02,23:16,23:31,23:46,23:58,
서대전네거리,05:40,05:49,05:58,06:13,06:28,06:40,06:52,07:04,07:16,07:28,07:40,07:52,08:04,08:16,08:28,08:38,08:48,08:58,09:08,09:18,09:28,09:38,09:48,09:58,10:08,10:18,10:28,10:38,10:48,10:58,11:08,11:18,11:28,11:38,11:48,11:58,12:08,12:18,12:28,12:38,12:48,12:58,13:08,13:18,13:28,13:38,13:48,13:58,14:08,14:18,14:28,14:38,14:48,14:58,15:08,15:18,15:28,15:38,15:48,15:58,16:08,16:18,16:28,16:38,16:48,16:58,17:08,17:18,17:28,17:36,17:44,17:52,18:00,18:08,18:16,18:24,18:32,18:40,18:48,18:56,19:04,19:12,19:20,19:28,19:38,19:48,19:58,20:08,20:18,20:28,20:38,20:48,20:58,21:08,21:18,21:28,21:40,21:52,22:04,22:16,22:28,22:40,22:52,23:04,23:18,23:33,23:48,24:00,
중구청,05:42,05:51,06:00,06:15,06:30,06:42,06:54,07:06,07:18,07:30,07:42,07:54,08:06,08:18,08:30,08:40,08:50,09:00,09:10,09:20,09:30,09:40,09:50,10:00,10:10,10:20,10:30,10:40,10:50,11:00,11:10,11:20,11:30,11:40,11:50,12:00,12:10,12:20,12:30,12:40,12:50,13:00,13:10,13:20,13:30,13:40,13:50,14:00,14:10,14:20,14:30,14:40,14:50,15:00,15:10,15:20,15:30,15:40,15:50,16:00,16:10,16:20,16:30,16:40,16:50,17:00,17:10,17:20,17:30,17:38,17:46,17:54,18:02,18:10,18:18,18:26,18:34,18:42,18:50,18:58,19:06,19:14,19:22,19:30,19:40,19:50,20:00,20:10,20:20,20:30,20:40,20:50,21:00,21:10,21:20,21:30,21:42,21:54,22:06,22:18,22:30,22:42,22:54,23:06,23:20,23:35,23:50,24:02,
중앙로,05:44,05:53,06:02,06:17,06:32,06:44,06:56,07:08,07:20,07:32,07:44,07:56,08:08,08:20,08:32,08:42,08:52,09:02,09:12,09:22,09:32,09:42,09:52,10:02,10:12,10:22,10:32,10:42,10:52,11:02,11:12,11:22,11:32,11:42,11:52,12:02,12:12,12:22,12:32,12:42,12:52,13:02,13:12,13:22,13:32,13:42,13:52,14:02,14:12,14:22,14:32,14:42,14:52,15:02,15:12,15:22,15:32,15:42,15:52,16:02,16:12,16:22,16:32,16:42,16:52,17:02,17:12,17:22,17:32,17:40,17:48,17:56,18:04,18:12,18:20,18:28,18:36,18:44,18:52,19:00,19:08,19:16,19:24,19:32,19:42,19:52,20:02,20:12,20:22,20:32,20:42,20:52,21:02,21:12,21:22,21:32,21:44,21:56,22:08,22:20,22:32,22:44,22:56,23:08,23:22,23:37,23:52,24:04,
대전,05:45,05:55,06:04,06:19,06:34,06:46,06:58,07:10,07:22,07:34,07:46,07:58,08:10,08:22,08:34,08:44,08:54,09:04,09:14,09:24,09:34,09:44,09:54,10:04,10:14,10:24,10:34,10:44,10:54,11:04,11:14,11:24,11:34,11:44,11:54,12:04,12:14,12:24,12:34,12:44,12:54,13:04,13:14,13:24,13:34,13:44,13:54,14:04,14:14,14:24,14:34,14:44,14:54,15:04,15:14,15:24,15:34,15:44,15:54,16:04,16:14,16:24,16:34,16:44,16:54,17:04,17:14,17:24,17:34,17:42,17:50,17:58,18:06,18:14,18:22,18:30,18:38,18:46,18:54,19:02,19:10,19:18,19:26,19:34,19:44,19:54,20:04,20:14,20:24,20:34,20:44,20:54,21:04,21:14,21:24,21:34,21:46,21:58,22:10,22:22,22:34,22:46,22:58,23:10,23:24,23:39,23:54,24:06,
대동,05:47,05:57,06:06,06:21,06:36,06:48,07:00,07:12,07:24,07:36,07:48,08:00,08:12,08:24,08:36,08:46,08:56,09:06,09:16,09:26,09:36,09:46,09:56,10:06,10:16,10:26,10:36,10:46,10:56,11:06,11:16,11:26,11:36,11:46,11:56,12:06,12:16,12:26,12:36,12:46,12:56,13:06,13:16,13:26,13:36,13:46,13:56,14:06,14:16,14:26,14:36,14:46,14:56,15:06,15:16,15:26,15:36,15:46,15:56,16:06,16:16,16:26,16:36,16:46,16:56,17:06,17:16,17:26,17:36,17:44,17:52,18:00,18:08,18:16,18:24,18:32,18:40,18:48,18:56,19:04,19:12,19:20,19:28,19:36,19:46,19:56,20:06,20:16,20:26,20:36,20:46,20:56,21:06,21:16,21:26,21:36,21:48,22:00,22:12,22:24,22:36,22:48,23:00,23:12,23:26,23:41,23:56,24:08,
신흥,05:49,05:59,06:08,06:23,06:38,06:50,07:02,07:14,07:26,07:38,07:50,08:02,08:14,08:26,08:38,08:48,08:58,09:08,09:18,09:28,09:38,09:48,09:58,10:08,10:18,10:28,10:38,10:48,10:58,11:08,11:18,11:28,11:38,11:48,11:58,12:08,12:18,12:28,12:38,12:48,12:58,13:08,13:18,13:28,13:38,13:48,13:58,14:08,14:18,14:28,14:38,14:48,14:58,15:08,15:18,15:28,15:38,15:48,15:58,16:08,16:18,16:28,16:38,16:48,16:58,17:08,17:18,17:28,17:38,17:46,17:54,18:02,18:10,18:18,18:26,18:34,18:42,18:50,18:58,19:06,19:14,19:22,19:30,19:38,19:48,19:58,20:08,20:18,20:28,20:38,20:48,20:58,21:08,21:18,21:28,21:38,21:50,22:02,22:14,22:26,22:38,22:50,23:02,23:14,23:28,23:43,23:58,24:10,
판암,05:51,06:00,06:10,06:25,06:40,06:52,07:04,07:16,07:28,07:40,07:52,08:04,08:16,08:28,08:40,08:50,09:00,09:10,09:20,09:30,09:40,09:50,10:00,10:10,10:20,10:30,10:40,10:50,11:00,11:10,11:20,11:30,11:40,11:50,12:00,12:10,12:20,12:30,12:40,12:50,13:00,13:10,13:20,13:30,13:40,13:50,14:00,14:10,14:20,14:30,14:40,14:50,15:00,15:10,15:20,15:30,15:40,15:50,16:00,16:10,16:20,16:30,16:40,16:50,17:00,17:10,17:20,17:30,17:40,17:48,17:56,18:04,18:12,18:20,18:28,18:36,18:44,18:52,19:00,19:08,19:16,19:24,19:32,19:40,19:50,20:00,20:10,20:20,20:30,20:40,20:50,21:00,21:10,21:20,21:30,21:40,21:52,22:04,22:16,22:28,22:40,22:52,23:04,23:16,23:30,23:45,24:00,24:12,